Game Title,HollowPoiint Videos,Sample Video URL,Sample Video Title,Steam URL,Steam App ID,Price (USD),Genres,Categories,Developer,Publisher,AAA / Indie,Steam Deck,Release Date,Review Count,Metacritic,Short Description,Platforms
The Last of Us 2,30,https://youtube.com/watch?v=8gHkakRph00,The Last of Us 2 - NEW GROUNDED UPDATE GAMEPLAY,,,,,,,,,,,,,,
The Last of Us,18,https://youtube.com/watch?v=uuk5NatBrRs,The Last of Us - Official Teaser Trailer REACTION (HBO MAX),https://store.steampowered.com/app/1888930,1888930,$59.99,"Action, Adventure","Single-player, Steam Achievements, Full controller support, Steam Trading Cards, Adjustable Text Size, Camera Comfort, Color Alternatives, Custom Volume Controls, Adjustable Difficulty, Narrated Game Menus, Save Anytime, Stereo Sound, Subtitle Options, Surround Sound, Steam Cloud, Remote Play on TV, Family Sharing","Naughty Dog LLC, Iron Galaxy Studios",PlayStation Publishing LLC,AAA,Verified,"Mar 28, 2023","60,286 reviews",,"Discover the award-winning game that inspired the critically acclaimed television show. Guide Joel and Ellie through a post-apocalyptic America, and encounter unforgettable allies and enemies in The L",Windows
Resident Evil 4 Remake,15,https://youtube.com/watch?v=V5v9R7H-_o4,Resident Evil 4 Remake - FULL GAME (No Commentary),https://store.steampowered.com/app/2050650,2050650,$39.99,"Action, Adventure","Single-player, Steam Achievements, Full controller support, Steam Trading Cards, Steam Cloud, HDR available, Family Sharing","CAPCOM Co., Ltd.","CAPCOM Co., Ltd.",AAA,Verified,"Mar 23, 2023","155,317 reviews",91,"Survival is just the beginning. Six years have passed since the biological disaster in Raccoon City. Leon S. Kennedy, one of the survivors, tracks the president's kidnapped daughter to a secluded Euro",Windows
Resident Evil 8 Village,14,https://youtube.com/watch?v=QRiKNtqtG00,Resident Evil 8 Village - Part 11 - ENDING (I Cried),,,,,,,,,,,,,,
Dying Light 2,14,https://youtube.com/watch?v=GDWa6yseMf8,Dying Light 2 - Part 12 - ENDING,https://store.steampowered.com/app/534380,534380,$59.99,"Action, Adventure, RPG","Single-player, Multi-player, Co-op, Online Co-op, Steam Achievements, Full controller support, Steam Trading Cards, Steam Cloud, Remote Play on TV, Family Sharing",Techland,Techland,AAA,Verified,"Feb 3, 2022","158,402 reviews",,"Humanity is fighting a losing battle against the virus. Experience a post-apocalyptic open world overrun by hordes of zombies, where your parkour and combat skills are key to survival. Traverse the Ci",Windows
The Callisto Protocol,13,https://youtube.com/watch?v=yHEetnw8IUc,The Callisto Protocol - The Full Game (No Commentary),https://store.steampowered.com/app/1544020,1544020,$59.99,"Action, Adventure","Single-player, Steam Achievements, Full controller support, Steam Cloud, Family Sharing",Striking Distance Studios,"KRAFTON, Inc.",AAA,Verified,"Dec 1, 2022","34,472 reviews",,Survive to escape the horrors of Callisto and uncover the dark secrets of Jupiter’s dead moon.,Windows
Dying Light,13,https://youtube.com/watch?v=kZ-JrHReQh4,Dying Light - Part 10 - THIS ENDING FELT SO GOOD!,https://store.steampowered.com/app/239140,239140,$24.99,"Action, RPG","Single-player, Multi-player, PvP, Online PvP, Co-op, Online Co-op, Steam Achievements, Full controller support, Steam Trading Cards, Steam Workshop, Steam Cloud, Valve Anti-Cheat enabled, Includes level editor, Remote Play on Tablet, Remote Play on TV, Family Sharing",Techland,Techland,AAA,Verified,"Jan 26, 2015","367,871 reviews",87,"First-person action survival game set in a post-apocalyptic open world overrun by flesh-hungry zombies. Roam a city devastated by a mysterious virus epidemic. Scavenge for supplies, craft weapons, and","Windows, Mac, Linux"
Sons of the Forest,10,https://youtube.com/watch?v=6BJ7Yv3NyjQ,Sons of the Forest - Ending,https://store.steampowered.com/app/1326470,1326470,$29.99,"Action, Adventure, Indie, Simulation","Single-player, Multi-player, Co-op, Online Co-op, Steam Achievements, Full controller support, Steam Cloud, Family Sharing",Endnight Games Ltd,Newnight ,AA,Unsupported,"Feb 22, 2024","266,813 reviews",,"Sent to find a missing billionaire on a remote island, you find yourself in a cannibal-infested hellscape. Craft, build, and struggle to survive, alone or with friends, in this terrifying new open-wor",Windows
Resident Evil 3 Remake,8,https://youtube.com/watch?v=ue_16447UIk,Resident Evil 3 Remake - FULL GAME,https://store.steampowered.com/app/952060,952060,$39.99,Action,"Single-player, Multi-player, PvP, Online PvP, Steam Achievements, Full controller support, Steam Trading Cards, Steam Cloud, Remote Play on Tablet, HDR available, Family Sharing","CAPCOM Co., Ltd.","CAPCOM Co., Ltd.",AAA,Playable,"Apr 2, 2020","76,797 reviews",77,"Jill Valentine is one of the last remaining people in Raccoon City to witness the atrocities Umbrella performed. To stop her, Umbrella unleashes their ultimate secret weapon: Nemesis! Also includes Re",Windows
Dead Island 2,8,https://youtube.com/watch?v=fgwrV14fFJE,Dead Island 2 - FULL GAME (No Commentary),https://store.steampowered.com/app/934700,934700,$49.99,"Action, Adventure","Single-player, Multi-player, Co-op, Online Co-op, Steam Achievements, Full controller support, Steam Trading Cards, Adjustable Text Size, Camera Comfort, Custom Volume Controls, Adjustable Difficulty, Keyboard Only Option, Stereo Sound, Subtitle Options, Steam Cloud, Family Sharing",Dambuster Studios,Deep Silver,AAA,Playable,"Apr 22, 2024","18,281 reviews",,"A deadly virus is spreading across Los Angeles, turning its inhabitants into zombies. Bitten, infected, but more than just immune, uncover the truth behind the outbreak and discover who - or what - yo","Windows, Mac"
Resident Evil Requiem,8,https://youtube.com/watch?v=sGbpS0iN1W0,Resident Evil Requiem - Ending,https://store.steampowered.com/app/3764200,3764200,$69.99,"Action, Adventure","Single-player, Steam Achievements, Full controller support, Steam Trading Cards, Captions available, Steam Cloud, HDR available, Family Sharing","CAPCOM Co., Ltd.","CAPCOM Co., Ltd.",AAA,Playable,"Feb 26, 2026","90,692 reviews",92,Requiem for the dead. Nightmare for the living. Prepare to escape death in a heart-stopping experience that will chill you to your core.,Windows
Outlast,8,https://youtube.com/watch?v=UAwbkbp0IuE,Outlast - Part 3 - I CANT TAKE IT ANYMORE,https://store.steampowered.com/app/238320,238320,$14.99,"Action, Adventure, Indie","Single-player, Steam Achievements, Full controller support, Steam Trading Cards, Captions available, Steam Cloud, Remote Play on TV, Family Sharing",Red Barrels,Red Barrels,Indie,Playable,"Sep 4, 2013","100,159 reviews",80,"Hell is an experiment you can't survive in Outlast, a first-person survival horror game developed by veterans of some of the biggest game franchises in history. As investigative journalist Miles Upshu","Windows, Mac, Linux"
Dying Light The Beast,7,https://youtube.com/watch?v=m3BPsMngIdw,Dying Light The Beast - ENDING / FINAL BOSS,https://store.steampowered.com/app/3008130,3008130,$59.99,"Action, Adventure, RPG","Single-player, Multi-player, Co-op, Online Co-op, Steam Achievements, Full controller support, Steam Cloud, Remote Play on TV, Family Sharing",Techland,Techland,AAA,Verified,"Sep 18, 2025","54,948 reviews",,"BECOME THE BEAST. SURVIVE THE NIGHT. A terrifying new chapter in the Dying Light universe begins. As Kyle Crane, explore the vast and unpredictable wilderness, uncover a deadly evolution of the infect",Windows
Dead Space Remake,7,https://youtube.com/watch?v=zhzukNK5UqM,Dead Space Remake - Part 5 - ENDING,https://store.steampowered.com/app/1693980,1693980,$59.99,"Action, Adventure","Single-player, Steam Achievements, Full controller support, Camera Comfort, Color Alternatives, Custom Volume Controls, Adjustable Difficulty, Keyboard Only Option, Stereo Sound, Subtitle Options, Surround Sound, Steam Cloud, HDR available, Family Sharing",Motive,Electronic Arts,AAA,Playable,"Jan 27, 2023","56,060 reviews",87,"The sci-fi survival-horror classic returns, completely rebuilt to offer an even more immersive experience — including visual, audio, and gameplay improvements — while staying faithful to the original ",Windows
Alan Wake 2,6,https://youtube.com/watch?v=ReNqNwwJLz0,Alan Wake 2 - The Lake House (FULL GAME),,,,,,,,,,,,,,
The Quarry,6,https://youtube.com/watch?v=dLxTtLII9ag,The Quarry -  GOOD & BAD ENDING,https://store.steampowered.com/app/1577120,1577120,$59.99,Adventure,"Single-player, Multi-player, Co-op, Shared/Split Screen Co-op, Shared/Split Screen, Steam Achievements, Full controller support, Family Sharing",Supermassive Games,2K Games,AAA,Unsupported,"Jun 9, 2022","13,911 reviews",,"When the sun goes down on the last night of summer camp, nine teenage counselors are plunged into an unpredictable night of horror. The only thing worse than the blood-drenched locals and creatures hu",Windows
Until Dawn,6,https://youtube.com/watch?v=JZPf1pIfFts,Until Dawn PS5 - Part 6  - ENDING,https://store.steampowered.com/app/2172010,2172010,$59.99,Adventure,"Single-player, Steam Achievements, Full controller support, Adjustable Text Size, Camera Comfort, Custom Volume Controls, Adjustable Difficulty, Narrated Game Menus, Playable without Timed Input, Stereo Sound, Subtitle Options, Surround Sound, Steam Cloud, Family Sharing",Ballistic Moon,PlayStation Publishing LLC,AAA,Unsupported,"Oct 4, 2024","3,108 reviews",,"Rebuilt and enhanced for PC – Until Dawn invites you to relive the nightmare, and immerse yourself in a gripping slasher horror where every decision can make the difference between life and death.",Windows
Outlast 2,6,https://youtube.com/watch?v=TOQPh_nFWsY,Outlast 2 - Part 6 - THE DEVILS BABY 😳 (ENDING),https://store.steampowered.com/app/414700,414700,$19.99,"Action, Adventure, Indie","Single-player, Steam Achievements, Full controller support, Steam Trading Cards, Steam Cloud, Remote Play on TV, Family Sharing",Red Barrels,Red Barrels,Indie,Playable,"Apr 24, 2017","52,289 reviews",75,"Outlast 2 introduces you to Sullivan Knoth and his followers, who left our wicked world behind to give birth to Temple Gate, a town, deep in the wilderness and hidden from civilization. Knoth and his ",Windows
Little Nightmares 2,6,https://youtube.com/watch?v=1lKlBjh4q-8,Little Nightmares 2 - Part 4 - ESCAPE THE THIN MAN..,https://store.steampowered.com/app/860510,860510,$29.99,Adventure,"Single-player, Steam Achievements, Full controller support, Steam Trading Cards, Steam Cloud, Remote Play on Phone, Remote Play on Tablet, Family Sharing",Tarsier Studios,BANDAI NAMCO Entertainment,AAA,Verified,"Feb 10, 2021","47,870 reviews",83,Little Nightmares II is the second game in a series that has thrilled and captivated millions of players worldwide since 2017. Now it’s your turn to try to survive this critically acclaimed entry in t,Windows
Dead Island,6,https://youtube.com/watch?v=pTVPiQLs_ag,Dead Island - Part 7 - THE CATACOMBS,https://store.steampowered.com/app/934700,934700,$49.99,"Action, Adventure","Single-player, Multi-player, Co-op, Online Co-op, Steam Achievements, Full controller support, Steam Trading Cards, Adjustable Text Size, Camera Comfort, Custom Volume Controls, Adjustable Difficulty, Keyboard Only Option, Stereo Sound, Subtitle Options, Steam Cloud, Family Sharing",Dambuster Studios,Deep Silver,AAA,Playable,"Apr 22, 2024","18,281 reviews",,"A deadly virus is spreading across Los Angeles, turning its inhabitants into zombies. Bitten, infected, but more than just immune, uncover the truth behind the outbreak and discover who - or what - yo","Windows, Mac"
Alan Wake Remastered,5,https://youtube.com/watch?v=yRh3nmsIRe4,Alan Wake Remastered - Part 5 - PRISON,https://store.steampowered.com/app/108710,108710,$14.99,"Action, Adventure","Single-player, Steam Achievements, Full controller support, Steam Trading Cards, Steam Cloud, Remote Play on TV, Family Sharing",Remedy Entertainment,Remedy Entertainment,AAA,Verified,"Feb 16, 2012","42,578 reviews",83,"A Dark Presence stalks the small town of Bright Falls, pushing Alan Wake to the brink of sanity in his fight to unravel the mystery and save his love.",Windows
Dead Space,5,https://youtube.com/watch?v=06PVJVqfIZw,Dead Space - Part 6  - ITS FINALLY OVER (ENDING),https://store.steampowered.com/app/1693980,1693980,$59.99,"Action, Adventure","Single-player, Steam Achievements, Full controller support, Camera Comfort, Color Alternatives, Custom Volume Controls, Adjustable Difficulty, Keyboard Only Option, Stereo Sound, Subtitle Options, Surround Sound, Steam Cloud, HDR available, Family Sharing",Motive,Electronic Arts,AAA,Playable,"Jan 27, 2023","56,060 reviews",87,"The sci-fi survival-horror classic returns, completely rebuilt to offer an even more immersive experience — including visual, audio, and gameplay improvements — while staying faithful to the original ",Windows
The Wolf Among Us,5,https://youtube.com/watch?v=lEIwDTjBUzY,The Wolf Among Us: Episode 5 - THE MOST SHOCKING ENDING,https://store.steampowered.com/app/250320,250320,$14.99,"Action, Adventure, Casual","Single-player, Steam Achievements, Full controller support, Remote Play on TV, Family Sharing",Telltale,Telltale,Indie,Playable,"Oct 11, 2013","31,333 reviews",85,"From the makers of the 2012 Game of the Year: The Walking Dead, comes a thriller based on the award-winning Fables comic books. As Bigby Wolf you will discover that a brutal, bloody murder is just a t",Windows
Blair Witch,5,https://youtube.com/watch?v=ZCbfjsowLis,Blair Witch - ENDING (SO SAD),https://store.steampowered.com/app/1092660,1092660,$29.99,"Adventure, Indie","Single-player, Steam Achievements, Full controller support, Steam Trading Cards, Steam Cloud, Remote Play on TV, Family Sharing",Bloober Team SA,Bloober Team NA,AAA,Unsupported,"Aug 30, 2019","6,243 reviews",69,"A first-person, story-driven psychological horror game based on the cinematic lore of the Blair Witch. Explore the haunted grounds of the Black Hills Forest in a harrowing investigation that forces yo",Windows
Silent Hill f,4,https://youtube.com/watch?v=09vjIOYaaDo,Silent Hill f - ENDING / FINAL BOSS,https://store.steampowered.com/app/2947440,2947440,$69.99,"Action, Adventure","Single-player, Steam Achievements, Full controller support, Color Alternatives, Custom Volume Controls, Playable without Timed Input, Stereo Sound, Subtitle Options, Surround Sound, Steam Cloud, Family Sharing",NeoBards Entertainment Ltd.,KONAMI,AAA,Playable,"Sep 24, 2025","16,634 reviews",,"Hinako's hometown is engulfed in fog, driving her to fight grotesque monsters and solve eerie puzzles. Uncover the disturbing beauty hidden in terror.",Windows
Resident Evil 5,4,https://youtube.com/watch?v=YzHtrlVFf40,Resident Evil 5 - Part 5 - SAVING JILL,https://store.steampowered.com/app/21690,21690,$19.99,"Action, Adventure","Single-player, Multi-player, Co-op, Steam Achievements, Full controller support, Steam Trading Cards, Steam Cloud, Steam Leaderboards, Family Sharing",Capcom,Capcom,AAA,Unsupported,"Sep 15, 2009","42,381 reviews",86,"This game is a port of the Games for Windows - Live version that was released in 2009. If you buy the Untold Stories Bundle here on Steam, it will be the same as upgrading to Resident Evil 5 Gold Edit",Windows
The Devil in Me,4,https://youtube.com/watch?v=TK9o5owWEbA,The Devil in Me - Part 4 - TRAPPED,https://store.steampowered.com/app/1567020,1567020,$39.99,Adventure,"Single-player, Multi-player, Co-op, Online Co-op, Shared/Split Screen Co-op, Shared/Split Screen, Steam Achievements, Full controller support, Steam Trading Cards, Remote Play Together, Family Sharing",Supermassive Games,Bandai Namco Entertainment Europe,AAA,Verified,"Nov 17, 2022","3,441 reviews",,A group of documentary film makers receive a mysterious call inviting them to a modern-day replica of serial killer H.H. Holmes ‘Murder Castle’. But on arrival they soon discover they’re being watched,Windows
Dying Light: The Following,4,https://youtube.com/watch?v=OOaLMueNB8o,Dying Light: The Following - Part 4 - THE TEMPLE OF THE SUN,https://store.steampowered.com/app/325724,325724,$49.99,"Action, RPG","Single-player, Multi-player, Co-op, Downloadable Content, Steam Achievements, Full controller support, Steam Trading Cards, Steam Workshop, Steam Cloud, Family Sharing",Techland,Techland Publishing,AAA,Unknown,"Feb 8, 2016","4,711 reviews",79,"Experience the untold chapter of Kyle Crane's story set in a vast breathtaking region outside the city of Harran. Leave the city walls behind and discover a countryside full of mysterious characters, ","Windows, Mac, Linux"
Dead Space 2,4,https://youtube.com/watch?v=YU-gC2MhMQ4,Dead Space 2 - Part 5 - ITS SO CRINGEEE (ENDING),https://store.steampowered.com/app/47780,47780,$19.99,"Action, Adventure","Single-player, Multi-player, Steam Trading Cards, Partial Controller Support, Family Sharing",Visceral Games,Electronic Arts,AAA,Playable,"Jan 25, 2011","24,451 reviews",87,"Three years after the Necromorph infestation aboard the USS Ishimura, Isaac Clarke awakens from a coma, confused, disoriented, and on a space station called The Sprawl. Explore this world and its zero",Windows
The Medium,4,https://youtube.com/watch?v=GWGXL_yZBDQ,The Medium - Part 3 - THE ENDING (SO GOOD!),https://store.steampowered.com/app/1293160,1293160,$49.99,Adventure,"Single-player, Steam Achievements, Full controller support, Steam Cloud, Family Sharing",Bloober Team,"Bloober Team SA, NA PUBLISHING INC.",AAA,Unsupported,"Jan 28, 2021","7,208 reviews",,"A third‑person psychological horror game where you explore both the real world and the spirit realm. As a medium drawn to a deserted resort, you’ll uncover dark secrets, confront echoes of trauma, and","Windows, Mac"
Little Hope,4,https://youtube.com/watch?v=NkLYYvoPCyM,Little Hope - Part 3 - THE WITCHCRAFT TRIALS,https://store.steampowered.com/app/1194630,1194630,$19.99,Adventure,"Single-player, Multi-player, PvP, Online PvP, Shared/Split Screen PvP, Shared/Split Screen, Steam Achievements, Full controller support, Steam Trading Cards, Steam Cloud, Remote Play Together, Family Sharing",Supermassive Games,BANDAI NAMCO Entertainment Europe,AAA,Unsupported,"Oct 29, 2020","6,814 reviews",,"Trapped and isolated in the abandoned town of Little Hope, 4 college students and their teacher must escape the nightmarish apparitions that relentlessly pursue them through an impenetrable fog.",Windows
Red Dead Redemption: Undead Nightmare,4,https://youtube.com/watch?v=UEstWL0Ltj0,Red Dead Redemption: Undead Nightmare - Part 4 - UNDEAD JOHN MARSTON! (Ending),,,,,,,,,,,,,,
Poppy Playtime,3,https://youtube.com/watch?v=g1R9ExslhyI,Poppy Playtime Chapter 5 - FULL GAME,https://store.steampowered.com/app/1721470,1721470,Free,"Action, Adventure, Indie",Single-player,Mob Entertainment,Mob Entertainment,Indie,Playable,"Oct 12, 2021","37,799 reviews",,You must stay alive in this horror/puzzle adventure. Try to survive the vengeful toys waiting for you in the abandoned toy factory. Use your GrabPack to hack electrical circuits or nab anything from a,Windows
Silent Hill 2 Remake,3,https://youtube.com/watch?v=xAYlZROCs3M,Silent Hill 2 Remake - THE HOSPITAL,https://store.steampowered.com/app/2124490,2124490,$69.99,"Action, Adventure","Single-player, Steam Achievements, Full controller support, Steam Cloud, Family Sharing",Bloober Team SA,KONAMI,AAA,Unsupported,"Oct 7, 2024","39,081 reviews",,"Investigating a letter from his late wife, James returns to where they made so many memories - Silent Hill. What he finds is a ghost town, prowled by disturbing monsters and cloaked in deep fog. Confr",Windows
Amnesia: The Bunker,3,https://youtube.com/watch?v=6h43O_S6_mw,Amnesia: The Bunker - Ending,https://store.steampowered.com/app/1944430,1944430,$24.99,"Action, Adventure, Indie","Single-player, Steam Achievements, Full controller support, Steam Workshop, Remote Play Together, Family Sharing",Frictional Games,Frictional Games,Indie,Verified,"Jun 6, 2023","9,503 reviews",,"Amnesia: The Bunker is a first-person horror game set in a WW1 bunker. A relentless, AI-driven monster stalks you. Survival depends on finding tools, crafting items, and keeping the lights on.",Windows
Resident Evil 8 Village Shadows of Rose DLC,3,https://youtube.com/watch?v=Y6GUN1cojGc,Resident Evil 8 Village Shadows of Rose DLC  - FULL GAME (No Commentary),,,,,,,,,,,,,,
Martha is Dead,3,https://youtube.com/watch?v=qmMRdeNjw1g,Martha is Dead - Part 3 - IM JUST GLAD ITS OVER..,https://store.steampowered.com/app/515960,515960,$29.99,"Adventure, Indie","Single-player, Steam Achievements, Full controller support, Steam Trading Cards, Steam Cloud, Family Sharing",LKA,Wired Productions,AA,Unsupported,"Feb 24, 2022","2,515 reviews",73,"Set in 1944 Italy, Martha Is Dead is an award-winning dark psychological thriller where the lines between truth, superstition, and tragedy blur. Explore a haunting countryside, uncover disturbing memo",Windows
House of Ashes,3,https://youtube.com/watch?v=AeVW5w6Aj3I,House of Ashes - Part 3 - WELCOME TO HELL 😱,https://store.steampowered.com/app/1281590,1281590,$29.99,Adventure,"Single-player, Multi-player, Co-op, Online Co-op, Shared/Split Screen Co-op, Shared/Split Screen, Steam Achievements, Full controller support, Steam Cloud, Remote Play Together, Family Sharing",Supermassive Games,BANDAI NAMCO Entertainment Europe,AAA,Playable,"Oct 21, 2021","6,885 reviews",,"At the close of the Iraq War, Special Forces hunting for weapons of mass destruction unearth something far deadlier – a buried Sumerian temple containing a nest of unearthly creatures. To survive the ",Windows
Back 4 Blood,3,https://youtube.com/watch?v=6gn9V63ZxSI,Back 4 Blood - Part 2 - OGRE BOSS,https://store.steampowered.com/app/924970,924970,$59.99,Action,"Single-player, Multi-player, PvP, Online PvP, Co-op, Online Co-op, Full controller support, HDR available, Family Sharing",Turtle Rock Studios,Warner Bros. Games,AAA,Playable,"Oct 12, 2021","54,451 reviews",77,"Back 4 Blood is a thrilling cooperative first-person shooter from the creators of the critically acclaimed Left 4 Dead franchise. Experience the intense 4 player co-op narrative campaign, competitive ",Windows
Demon's Souls Remake,3,https://youtube.com/watch?v=XeWbNrxP0YU,Demon's Souls Remake - Part 3 - THE TOWER KNIGHT HAS HUMILIATED ME (PS5 Gameplay),,,,,,,,,,,,,,
The Walking Dead The Final Season,3,https://youtube.com/watch?v=m9CPfVxkskA,The Walking Dead The Final Season Episode 1 ENDING (Part 3),https://store.steampowered.com/app/866800,866800,$19.99,Adventure,"Single-player, Steam Achievements, Full controller support, Family Sharing",Telltale Games,Skybound Games,Indie,Verified,"Aug 13, 2018","16,988 reviews",77,"A secluded school might finally be Clementine’s chance for a home, but protecting it will mean sacrifice.",Windows
Into The Dead Our Darkest Days,2,https://youtube.com/watch?v=2AS48Wu9Ad4,Into The Dead Our Darkest Days (Full Game) HELICOPTER ESCAPE,https://store.steampowered.com/app/2239710,2239710,$24.99,"Action, Simulation, Strategy, Early Access","Single-player, Full controller support, Family Sharing",PikPok,"Boltray Games (China), PikPok (worldwide)",Indie,Playable,"Apr 9, 2025","7,439 reviews",,"Texas, 1980. Walton City has fallen to a zombie outbreak. Lead a band of desperate survivors from refuge to refuge by scavenging, crafting, and fighting in a relentless struggle for survival. Plan wis","Windows, Mac"
The Mortuary Assistant,2,https://youtube.com/watch?v=bOcWc_aZwVY,The Mortuary Assistant - “GAMEOVER” Ending,https://store.steampowered.com/app/1295920,1295920,$24.99,"Adventure, Indie, Simulation","Single-player, Steam Achievements, Full controller support, Steam Cloud, Family Sharing",DarkStone Digital,DreadXP,AAA,Verified,"Aug 2, 2022","6,992 reviews",,"Alone with the dead... Embalm corpses, banish demons, save your soul.",Windows
Beyond Two Souls,2,https://youtube.com/watch?v=SmcHF_Y3pSs,Beyond Two Souls - Part 5 - THE DEMON SPIRIT,https://store.steampowered.com/app/960990,960990,$19.99,"Action, Adventure","Single-player, Multi-player, Co-op, Shared/Split Screen Co-op, Shared/Split Screen, Steam Achievements, Full controller support, Steam Cloud, Remote Play on Phone, Remote Play on Tablet, Remote Play Together, Family Sharing",Quantic Dream,Quantic Dream,AAA,Verified,"Jun 18, 2020","33,587 reviews",76,"A unique psychological action thriller delivered by A-list Hollywood performances by Elliot Page and Willem Dafoe, Beyond: Two Souls takes you on a thrilling journey across the globe as you play out t",Windows
Amnesia: Rebirth,2,https://youtube.com/watch?v=ggsofjk31CE,Amnesia: Rebirth - Part 2 - THE FIRST ENCOUNTER WITH A GHOUL,https://store.steampowered.com/app/999220,999220,$29.99,"Adventure, Indie","Single-player, Steam Achievements, Full controller support, Steam Workshop, Includes level editor, Remote Play on TV, Remote Play Together, Family Sharing",Frictional Games,Frictional Games,AA,Verified,"Oct 20, 2020","7,758 reviews",80,"A first-person horror adventure. Uncover your past and survive the Algerian desert. Fear is your enemy; stay calm to not succumb to an illness threatening you and your loved one. Avoid darkness, hide ","Windows, Linux"
Taken,2,https://youtube.com/watch?v=LJgQVCA_xkY,TAKEN | The Beast Inside - Part 8,https://store.steampowered.com/app/3035120,3035120,$9.99,"Casual, Indie","Single-player, Steam Achievements, Full controller support, Steam Trading Cards, Camera Comfort, Color Alternatives, Custom Volume Controls, Keyboard Only Option, Mouse Only Option, Playable without Timed Input, Touch Only Option, Steam Cloud, Family Sharing",Poti Poti Studio,Wholesome Games Presents,Indie,Verified,"Aug 7, 2025","7,374 reviews",79,Is This Seat Taken? is a logic puzzle game where you play matchmaker for groups of hilariously particular people. Each character has pet peeves that make seating them a delightful challenge. Find the ,"Windows, Mac, Linux"
Alone in the Forest,2,https://youtube.com/watch?v=EyhyhwHBrAo,ALONE IN THE FOREST | Do You Copy,https://store.steampowered.com/app/852590,852590,Free,"Action, Indie, Free To Play","Single-player, Tracked Controller Support, VR Only",Ovidiu Chis,Ovidiu Chis,Indie,Unsupported,"May 17, 2018",No reviews,,"Explore the forest, solve the puzzles, start the generators and call for help. Use the flashlight to defend yourself from the 'thing' that tries to kill you.",Windows
SOMA,2,https://youtube.com/watch?v=Db9vrNIDi0Q,SOMA #2 - He's CHASING ME!,https://store.steampowered.com/app/282140,282140,$29.99,"Action, Adventure, Indie","Single-player, Steam Achievements, Full controller support, Steam Trading Cards, Steam Workshop, Steam Cloud, Remote Play on TV, Remote Play Together, Family Sharing",Frictional Games,Frictional Games,AA,Verified,"Sep 21, 2015","44,552 reviews",84,"From the creators of Amnesia: The Dark Descent comes SOMA, a sci-fi horror game set below the waves of the Atlantic ocean. Struggle to survive a hostile world that will make you question your very exi","Windows, Mac, Linux"
Cronos The New Dawn,2,https://youtube.com/watch?v=ApETYHFs7vs,Cronos The New Dawn - Part 1 - A NEW POST APOCALYPTIC HORROR..,https://store.steampowered.com/app/2101960,2101960,$59.99,Action,"Single-player, Steam Achievements, Full controller support, Steam Cloud, HDR available, Family Sharing",Bloober Team,Bloober Team SA,AAA,Verified,"Sep 5, 2025","6,435 reviews",,"A whole new breed of survival horror emerges with Cronos: The New Dawn. Survive the brutal wastelands of the future, fight nightmarish merging creatures and jump back in time to harvest souls as you s","Windows, Linux"
Still Wakes The Deep,2,https://youtube.com/watch?v=_ETg4P7J-E0,Still Wakes The Deep: Sirens Rest - FULL GAME,https://store.steampowered.com/app/1622910,1622910,$34.99,"Action, Adventure, Indie","Single-player, Steam Achievements, Full controller support, Captions available, Steam Cloud, HDR available, Family Sharing",The Chinese Room,Secret Mode,AA,Playable,"Jun 18, 2024","9,372 reviews",77,1975. Disaster strikes the Beira D oil rig off the coast of Scotland. Navigate the collapsing rig to save your crew from an otherworldly horror on the edge of all logic and reality in this 3x BAFTA Ga,Windows
A Cinematic Horror Set in the Appalachian Forest,1,https://youtube.com/watch?v=E8tvr9pjggc,A Cinematic Horror Set in the Appalachian Forest..,,,,,,,,,,,,,,
A Horror Game Where You Go Camping Deep Into a State Park,1,https://youtube.com/watch?v=dxGniExOkJE,A Horror Game Where You Go Camping Deep Into a State Park..,,,,,,,,,,,,,,
Grandma's House Should’ve Been Abandoned,1,https://youtube.com/watch?v=ZOo1VsbkTRY,Grandma's House Should’ve Been Abandoned..,,,,,,,,,,,,,,
A cozy lake fishing horror,1,https://youtube.com/watch?v=t_4hmui0FpU,A cozy lake fishing horror..,,,,,,,,,,,,,,
The Tall man Tapes,1,https://youtube.com/watch?v=pa0oLIqi9_U,The Tall man Tapes..,https://store.steampowered.com/app/3369940,3369940,$9.99,"Adventure, Indie","Single-player, Partial Controller Support, Family Sharing",Brandino Games,Brandino Games,Indie,Unknown,"Feb 23, 2026",No reviews,,The Tall Man Tapes is a found footage inspired horror game. You're a UFO investigator trying to get to the bottom of a mystery. Will you learn the truth and escape with your life?,Windows
Resident Evil 6,1,https://youtube.com/watch?v=OTo9I7T1v8Y,I Finally Played Resident Evil 6 After Requiem..,https://store.steampowered.com/app/221040,221040,$19.99,"Action, Adventure","Single-player, Multi-player, Co-op, Shared/Split Screen, Steam Achievements, Steam Trading Cards, Partial Controller Support, Steam Cloud, Valve Anti-Cheat enabled, Steam Leaderboards, Remote Play Together, Family Sharing",Capcom,Capcom,AAA,Verified,"Mar 21, 2013","46,171 reviews",69,"Blending action and survival horror, Resident Evil 6 promises to be the dramatic horror experience of 2013.",Windows
Creepy Late Night Shift at Uncle Joe's Motel,1,https://youtube.com/watch?v=kjgnBo5aR0E,Creepy Late Night Shift at Uncle Joe's Motel..,,,,,,,,,,,,,,
A Park Rangers Final Night Shift,1,https://youtube.com/watch?v=SQOYnIR4Zjc,A Park Rangers Final Night Shift..,,,,,,,,,,,,,,
Steam Recommended This New Body-Cam Horror,1,https://youtube.com/watch?v=R0F7oxJ8Log,Steam Recommended This New Body-Cam Horror..,,,,,,,,,,,,,,
Locals Say People Have Been Disappearing Deep in these Woods,1,https://youtube.com/watch?v=SdBp-ZV3b9A,Locals Say People Have Been Disappearing Deep in these Woods..,,,,,,,,,,,,,,
This Hyper-Realistic Horror Just Unlocked a New Fear,1,https://youtube.com/watch?v=IW4e6wFNoG8,This Hyper-Realistic Horror Just Unlocked a New Fear..,,,,,,,,,,,,,,
A Chilling New Open World Fishing Horror From Chilla's Art,1,https://youtube.com/watch?v=kGmfNuBHAd4,A Chilling New Open World Fishing Horror From Chilla's Art..,,,,,,,,,,,,,,
This horror game had me on a CHOKEHOLD,1,https://youtube.com/watch?v=R00-2Gaa0uY,This horror game had me on a CHOKEHOLD..,,,,,,,,,,,,,,
Resident Evil 2 Remake,1,https://youtube.com/watch?v=3Mp3elx2XHU,Resident Evil 2 Remake - FULL GAME,https://store.steampowered.com/app/883710,883710,$39.99,Action,"Single-player, Steam Achievements, Full controller support, Steam Trading Cards, Steam Cloud, Remote Play on Tablet, Remote Play on TV, HDR available, Family Sharing","CAPCOM Co., Ltd.","CAPCOM Co., Ltd.",AAA,Verified,"Jan 24, 2019","139,651 reviews",89,"A deadly virus engulfs the residents of Raccoon City in September of 1998, plunging the city into chaos as flesh eating zombies roam the streets for survivors. An unparalleled adrenaline rush, grippin",Windows
I Took a Night Shift at a 24-Hour Store Where Customers are Not Human,1,https://youtube.com/watch?v=jpOW6n2lL5E,I Took a Night Shift at a 24-Hour Store Where Customers are Not Human.. | HELLMART,,,,,,,,,,,,,,
A Horror Game Where You Run A Photo Studio,1,https://youtube.com/watch?v=BnakKNzsf0M,A Horror Game Where You Run A Photo Studio..,,,,,,,,,,,,,,
Resident Evil 1 Remake,1,https://youtube.com/watch?v=-5oEz8rlpew,Resident Evil 1 Remake - FULL GAME,https://store.steampowered.com/app/4249100,4249100,$9.99,"Action, Adventure","Single-player, Custom Volume Controls, Keyboard Only Option, Partial Controller Support, Family Sharing","CAPCOM Co., Ltd., GOG.com","CAPCOM Co., Ltd.",AAA,Unknown,"Apr 1, 2026",195 reviews,,"Your squad has been choppered to a remote mansion to investigate a bio-experiment gone wrong. You’re plunged straight into a deathtrap. Arm yourself, solve puzzles, and unearth mysteries. But beware: ",Windows
The most disturbing chinese horror game I've played,1,https://youtube.com/watch?v=0Duttf78-74,The most disturbing chinese horror game I've played..,,,,,,,,,,,,,,
Working The Cemetery Shift Was a Mistake,1,https://youtube.com/watch?v=oiP8rJKJghA,Working The Cemetery Shift Was a Mistake..,,,,,,,,,,,,,,
The 1993 Missing Family Case,1,https://youtube.com/watch?v=zN_N96CZTp8,The 1993 Missing Family Case..,,,,,,,,,,,,,,
Working Late Nightshift on a Fishing Boat,1,https://youtube.com/watch?v=KWzlgqUrUqw,Working Late Nightshift on a Fishing Boat.. | Voyage,,,,,,,,,,,,,,
A Game About The Dark Side of Social Media,1,https://youtube.com/watch?v=qyBuxDJOE7Q,A Game About The Dark Side of Social Media.. | Brokenlore Unfollow (Full Game),,,,,,,,,,,,,,
I Returned to the Island Where My Father Disappeared,1,https://youtube.com/watch?v=Z26EHKazsJo,I Returned to the Island Where My Father Disappeared..,,,,,,,,,,,,,,
They Released a New Action Survival Horror,1,https://youtube.com/watch?v=BxvWNfeQEQo,They Released a New Action Survival Horror..,,,,,,,,,,,,,,
Working Late For The Holidays,1,https://youtube.com/watch?v=9M1UW5RSVsY,Working Late For The Holidays..,,,,,,,,,,,,,,
I took a vacation in a cozy cottage but I was not alone,1,https://youtube.com/watch?v=zLnejrFuTUk,I took a vacation in a cozy cottage but I was not alone..,,,,,,,,,,,,,,
This game was flat out DIABOLICAL,1,https://youtube.com/watch?v=fwBXClaDUeU,This game was flat out DIABOLICAL..,,,,,,,,,,,,,,
Play as a prisoner who must play a deadly game of Russian Roulette in order to escape,1,https://youtube.com/watch?v=NKYbuiqiyS4,Play as a prisoner who must play a deadly game of Russian Roulette in order to escape..,,,,,,,,,,,,,,
I've never felt this uncomfortable playing a game,1,https://youtube.com/watch?v=vhG91KJilIg,I've never felt this uncomfortable playing a game.. | No Means Nothing,,,,,,,,,,,,,,
Routine,1,https://youtube.com/watch?v=Lxxqm45JQBw,ROUTINE - An Ultra-Realistic Horror Game Set on an Abandoned Moon Base..,https://store.steampowered.com/app/606160,606160,$24.99,"Action, Adventure, Indie","Single-player, Steam Achievements, Full controller support, Steam Cloud, Family Sharing",Lunar Software,Raw Fury,Indie,Playable,"Dec 4, 2025","5,502 reviews",79,ROUTINE is a First Person Sci-Fi Horror set on an abandoned lunar base designed around an 80s vision of the future. Explore and investigate your surroundings as you survive against unknown threats.,Windows
The Lighthouse Murder Case,1,https://youtube.com/watch?v=pCxiHEhqGcc,The Lighthouse Murder Case..,,,,,,,,,,,,,,
The haunted farm house,1,https://youtube.com/watch?v=RVm9OmxPzg0,The haunted farm house..,,,,,,,,,,,,,,
A Quiet Motel Getaway With Babe Turns Deadly,1,https://youtube.com/watch?v=HJgdJpvj8EY,A Quiet Motel Getaway With Babe Turns Deadly..,,,,,,,,,,,,,,
The Craziest Horror Game I’ve Played This Year…,1,https://youtube.com/watch?v=uo35wUOsdMU,The Craziest Horror Game I’ve Played This Year…,,,,,,,,,,,,,,
I'm Exhausted After This One,1,https://youtube.com/watch?v=Vj7El6SA5xQ,I'm Exhausted After This One..,,,,,,,,,,,,,,
A Disturbing Horror Game About a Family Haunted by the Paranormal,1,https://youtube.com/watch?v=xtq6U8ZDczU,A Disturbing Horror Game About a Family Haunted by the Paranormal..,,,,,,,,,,,,,,
A Horror Game About Being Abandoned in Deep Space,1,https://youtube.com/watch?v=NkZaRjCkfok,A Horror Game About Being Abandoned in Deep Space..,,,,,,,,,,,,,,
A HORROR GAME WHERE YOU CONSUME BRAINROT CONTENT AND GO CRAZY,1,https://youtube.com/watch?v=PaGLMruKbGw,A HORROR GAME WHERE YOU CONSUME BRAINROT CONTENT AND GO CRAZY.. - The Salesman,,,,,,,,,,,,,,
THIS JAPANESE HORROR GAME IS PURE CINEMA,1,https://youtube.com/watch?v=MwnayUQ1r6M,THIS JAPANESE HORROR GAME IS PURE CINEMA - Junji Ito Maniac An Infinite Gaol (ALL ENDINGS),,,,,,,,,,,,,,
A Freaky Night With Babe,1,https://youtube.com/watch?v=NZDkQAEEKn8,A Freaky Night With Babe..,,,,,,,,,,,,,,
Working Nightshift at the Arcade,1,https://youtube.com/watch?v=aHr6QA2zKHM,Working Nightshift at the Arcade..,,,,,,,,,,,,,,
They Made A Filipino Horror Game Based on True Events,1,https://youtube.com/watch?v=nyMMc9ZoJcw,They Made A Filipino Horror Game Based on True Events..,,,,,,,,,,,,,,
This was an unhealthy amount of jumpscares,1,https://youtube.com/watch?v=g1qfEVB_3o0,This was an unhealthy amount of jumpscares..,,,,,,,,,,,,,,
This Hyper-Realistic Horror Game Just Blew My Mind,1,https://youtube.com/watch?v=U3jtkhX9TGw,This Hyper-Realistic Horror Game Just Blew My Mind..,,,,,,,,,,,,,,
This is the most demonic horror game I've ever played,1,https://youtube.com/watch?v=k0Vxw1zd0xU,This is the most demonic horror game I've ever played..,,,,,,,,,,,,,,
This game just destroyed me,1,https://youtube.com/watch?v=hIvCLYkMpBw,This game just destroyed me..,,,,,,,,,,,,,,
A Halloween Home Invasion Horror,1,https://youtube.com/watch?v=ErXKdtXSztQ,A Halloween Home Invasion Horror..,,,,,,,,,,,,,,
A Game Based on a True Serial Killer Case,1,https://youtube.com/watch?v=_eZLnoxMckA,A Game Based on a True Serial Killer Case...,,,,,,,,,,,,,,
This PT Inspired Horror Game is Diabolical,1,https://youtube.com/watch?v=XNb4ZROqcjE,This PT Inspired Horror Game is Diabolical..,,,,,,,,,,,,,,
Working The Supermarket..But The Customers Are NOT HUMAN,1,https://youtube.com/watch?v=PmHyTSUfYK0,Working The Supermarket..But The Customers Are NOT HUMAN..,,,,,,,,,,,,,,
Puppet Combo’s Skinfreak,1,https://youtube.com/watch?v=EiZtGGemxwM,Puppet Combo’s Skinfreak - FULL GAME,,,,,,,,,,,,,,
Gas Station Night Shift Gone Wrong,1,https://youtube.com/watch?v=tdD56bpIy_U,Gas Station Night Shift Gone Wrong..,,,,,,,,,,,,,,
A Camcorder Horror Where You Investigate a Missing Students Case,1,https://youtube.com/watch?v=57oXC1p1zxE,A Camcorder Horror Where You Investigate a Missing Students Case..,,,,,,,,,,,,,,
Little Nightmares 3,1,https://youtube.com/watch?v=btP48tys0MU,Little Nightmares 3 Had Me Stressed Out..,https://store.steampowered.com/app/1392860,1392860,$39.99,Adventure,"Single-player, Multi-player, Co-op, Online Co-op, Steam Achievements, Full controller support, Adjustable Text Size, Camera Comfort, Color Alternatives, Custom Volume Controls, Keyboard Only Option, Playable without Timed Input, Stereo Sound, Surround Sound, Steam Cloud, Family Sharing",Supermassive Games,Bandai Namco Entertainment,AAA,Verified,"Oct 9, 2025","9,396 reviews",,"Little Nightmares III is an atmospheric adventure game in which you follow the journey of Low and Alone, two best friends in search of a way out of the Nowhere. In 2 players online cooperation or solo",Windows
I Just Moved Into a New Apartment..But The Landlord is a FREAK,1,https://youtube.com/watch?v=vgq9omcpYGk,I Just Moved Into a New Apartment..But The Landlord is a FREAK,,,,,,,,,,,,,,
They Made A New Michael Myers Horror Game,1,https://youtube.com/watch?v=Z4ZObFe1Y-o,They Made A New Michael Myers Horror Game..,,,,,,,,,,,,,,
I Took A Park Ranger Job to Investigate the Missing Hikers,1,https://youtube.com/watch?v=_j_7Egoxf_8,I Took A Park Ranger Job to Investigate the Missing Hikers..,,,,,,,,,,,,,,
This Lighthouse Keeper Horror Game Gave Me Chills,1,https://youtube.com/watch?v=Gys2s9vszGs,This Lighthouse Keeper Horror Game Gave Me Chills..,,,,,,,,,,,,,,
"Working the Nightshift, But He Followed Me Home",1,https://youtube.com/watch?v=_1iLjPIV2PQ,"Working the Nightshift, But He Followed Me Home..",,,,,,,,,,,,,,
Something is Wrong With Grandpa's Cabin,1,https://youtube.com/watch?v=5AlN6GfqCxI,Something is Wrong With Grandpa's Cabin..,,,,,,,,,,,,,,
Power Drill Massacre,1,https://youtube.com/watch?v=43wxYmokAXU,The Power Drill Massacre is Actually TERRIFYING..,https://store.steampowered.com/app/2027030,2027030,,"Action, Adventure","Single-player, Steam Achievements, Partial Controller Support, Family Sharing",Puppet Combo,Puppet Combo,Indie,Unknown,To be announced,No reviews,,"A DRILLING good time!... a VHS era, Lowpoly Slasher",Windows
Face of Another,1,https://youtube.com/watch?v=BSZMvkAmtzQ,Face of Another - A Great Horror Game..,https://store.steampowered.com/app/3272170,3272170,$6.99,"Adventure, Casual, Indie, Strategy","Single-player, Steam Achievements, Family Sharing",MadBug Studio,MadBug Studio,Indie,Playable,"Aug 20, 2025",129 reviews,,"Use your phone to survive the horrors, capture clues, and solve puzzles in this first-person psychological horror experience. Trapped inside a warped digital nightmare by a mysterious entity, you must",Windows
A Horror Game That Knows when You BLINK,1,https://youtube.com/watch?v=g-MLnd8aGQM,A Horror Game That Knows when You BLINK..,,,,,,,,,,,,,,
A Horror Game Where 5 Friends Take Their Last Road Trip,1,https://youtube.com/watch?v=wseklMTE2pM,A Horror Game Where 5 Friends Take Their Last Road Trip..,,,,,,,,,,,,,,
An Incredible New Bodycam Horror Game,1,https://youtube.com/watch?v=7vMh1PAE3Kw,An Incredible New Bodycam Horror Game..,,,,,,,,,,,,,,
Five Nights at Freddy's,1,https://youtube.com/watch?v=_ri8eG_Jspk,I Finally Played Five Nights at Freddys and I MAY NEVER RECOVER..,https://store.steampowered.com/app/319510,319510,$4.99,"Indie, Simulation","Single-player, Family Sharing",Scott Cawthon,Scott Cawthon,Indie,Verified,"Aug 19, 2014","52,139 reviews",78,"Welcome to your new summer job at Freddy Fazbear's Pizza, where kids and parents alike come for entertainment and food! The main attraction is Freddy Fazbear, of course; and his two friends. They are ",Windows
I Shouldn’t Have Stayed The Night Here,1,https://youtube.com/watch?v=HKFM2621Ovw,I Shouldn’t Have Stayed The Night Here..,,,,,,,,,,,,,,
IM DONE thats enough horror for me,1,https://youtube.com/watch?v=kKRkHlSvs2c,IM DONE thats enough horror for me..,,,,,,,,,,,,,,
This is the THE BEST Backrooms Game I've Ever Played,1,https://youtube.com/watch?v=6DFC4K0YLNA,This is the THE BEST Backrooms Game I've Ever Played..,,,,,,,,,,,,,,
I cant take it,1,https://youtube.com/watch?v=qOiRDvU07Do,I cant take it..,,,,,,,,,,,,,,
I hate it here,1,https://youtube.com/watch?v=2yD_BgPzb7k,I hate it here..,,,,,,,,,,,,,,
Working as a Night Shift Park Ranger,1,https://youtube.com/watch?v=p8BdqOAPMgY,Working as a Night Shift Park Ranger..,,,,,,,,,,,,,,
SkinFREAK (Puppet Combo),1,https://youtube.com/watch?v=xrtfdA9GpiI,Puppet Combo's New TAXI SIMULATOR HORROR GAME IS PEAK! - Skinfreak,https://store.steampowered.com/app/4007340,4007340,$12.99,"Action, Adventure, Simulation","Single-player, Steam Achievements, Playable without Timed Input, Family Sharing", Black Eyed Priest,Torture Star Video,Indie,Verified,"Oct 16, 2025",319 reviews,,"The city’s most disturbing serial killer is at large and has his sights set on Belle.  Can she escape this maniac’s fleshy, rotting clutches?  Or will she lose her skin to this sicko’s collection?",Windows
This Horror Game is Seriously DISTURBING,1,https://youtube.com/watch?v=toWhVh4bWNU,This Horror Game is Seriously DISTURBING..,,,,,,,,,,,,,,
Night Shift at a Roadside Cafe,1,https://youtube.com/watch?v=Lk2Upd6soyI,Night Shift at a Roadside Cafe..,,,,,,,,,,,,,,
A Man Cannot Escape His House in This Psychological Horror Game,1,https://youtube.com/watch?v=TDmH-2Zs9_8,A Man Cannot Escape His House in This Psychological Horror Game..,,,,,,,,,,,,,,
A New Jurassic Park Inspired Horror Game,1,https://youtube.com/watch?v=0dR0M2PXG9w,A New Jurassic Park Inspired Horror Game..,,,,,,,,,,,,,,
This Chinese Horror Game Just Destroyed Me,1,https://youtube.com/watch?v=IFLOMTY1jgU,This Chinese Horror Game Just Destroyed Me..,,,,,,,,,,,,,,
A Hyper-Realistic Horror Game About Escaping A Bad Dream,1,https://youtube.com/watch?v=nwM0XZryduo,A Hyper-Realistic Horror Game About Escaping A Bad Dream..,,,,,,,,,,,,,,
Bleak Haven,1,https://youtube.com/watch?v=ZDCi9YaQN9o,Bleak Haven - A Cinematic Horror Game Set in a Remote Island..,https://store.steampowered.com/app/3566840,3566840,$14.99,Action,"Single-player, Steam Achievements, Partial Controller Support, Family Sharing",Hitori De Productions,Hitori De Productions,Indie,Unsupported,"Oct 24, 2025",No reviews,,"Bleak Haven is a cinematic survival horror where faith is twisted, every shot matters, and survival hangs on what you can build. Explore haunted ruins, abandoned villages, and face a cult preparing th",Windows
A new VHS horror game about a cop who goes on a cold case,1,https://youtube.com/watch?v=pKIqxj1iSAw,A new VHS horror game about a cop who goes on a cold case..,,,,,,,,,,,,,,
Someone made a new PT inspired horror game,1,https://youtube.com/watch?v=uQZuDqx1mFc,Someone made a new PT inspired horror game..,,,,,,,,,,,,,,
Siren Head,1,https://youtube.com/watch?v=VPQw8oOtPtU,Surviving Siren Head in the Woods..,https://store.steampowered.com/app/1443490,1443490,Free,"Action, Adventure, Free To Play, Indie","Single-player, Steam Achievements, Stats",Prisma Games L.L.C.,Prisma Games L.L.C.,Indie,Playable,"Oct 30, 2020",No reviews,,Siren Head: Awakening is a first-person horror game based on Trevor Henderson's artwork. You're stuck with your car in the middle of a dark forest with nothing but your flashlight. Seek escape by find,"Windows, Mac"
Working Late.. But the Customers Aren’t Human,1,https://youtube.com/watch?v=6NXFM8QMV4E,Working Late.. But the Customers Aren’t Human,,,,,,,,,,,,,,
This new zombie survival game is actually FREE,1,https://youtube.com/watch?v=MMH5E3VXHak,This new zombie survival game is actually FREE..,,,,,,,,,,,,,,
A New Japanese Horror Game Based on Urban Legends,1,https://youtube.com/watch?v=0J8zdPP6-Ew,A New Japanese Horror Game Based on Urban Legends..,,,,,,,,,,,,,,
A horror game where you go camping the countryside,1,https://youtube.com/watch?v=lfRAGc-v160,A horror game where you go camping the countryside..,,,,,,,,,,,,,,
The Nun Inside My Apartment,1,https://youtube.com/watch?v=by6oCmGFmg4,The Nun Inside My Apartment..,,,,,,,,,,,,,,
This might be the CRAZIEST Sleep Paralysis Horror Game,1,https://youtube.com/watch?v=9pBpjStNOVE,This might be the CRAZIEST Sleep Paralysis Horror Game..,,,,,,,,,,,,,,
This game is stressing me out,1,https://youtube.com/watch?v=se1z_Xd7n9s,This game is stressing me out.,,,,,,,,,,,,,,
Phase Zero,1,https://youtube.com/watch?v=Qj0l40a4Ehg,Phase Zero - An Incredible New Zombie Survival Game..,https://store.steampowered.com/app/3462190,3462190,,"Action, Adventure, Indie","Single-player, Full controller support, Family Sharing",SPINA Studio,"SPINA Studio, SUPERHOT PRESENTS",Indie,Unknown,2026,No reviews,,"A grotesque illness binds the town of Flint Peak. Several survivors try to escape with their lives as mysterious creatures roam the streets. Face horrific monsters, solve puzzles and uncover the truth",Windows
A Horror Game about a Paranormal Ghost Hunt,1,https://youtube.com/watch?v=FATIt_2O2as,A Horror Game about a Paranormal Ghost Hunt..,,,,,,,,,,,,,,
Going back to my childhood home,1,https://youtube.com/watch?v=OcedKcjfqOg,Going back to my childhood home..,,,,,,,,,,,,,,
this game BROKE ME,1,https://youtube.com/watch?v=CsgtTDt7LgQ,this game BROKE ME.,,,,,,,,,,,,,,
The paranormal apartment,1,https://youtube.com/watch?v=dVJ7Dx2fs3E,The paranormal apartment..,,,,,,,,,,,,,,
Surviving A Post-Apocalyptic Cyberpunk Horror,1,https://youtube.com/watch?v=QOShuB8X9Es,Surviving A Post-Apocalyptic Cyberpunk Horror..,,,,,,,,,,,,,,
A horror game where you work cleaning up a murder,1,https://youtube.com/watch?v=tTbLQ50gy4U,A horror game where you work cleaning up a murder..,,,,,,,,,,,,,,
The Midnight Walk,1,https://youtube.com/watch?v=OwGSSbkADBw,The Midnight Walk - A NEW HORROR ADVENTURE..,https://store.steampowered.com/app/2863640,2863640,$29.99,"Adventure, Indie","Single-player, Steam Achievements, Full controller support, VR Supported, Family Sharing",MoonHood,Fast Travel Games,AA,Playable,"May 8, 2025","2,336 reviews",79,Follow The Midnight Walk in a dark adventure from the minds behind Lost in Random. Befriend a lost lantern creature and light your way through a world of wonder and terror. Outsmart monsters and marve,Windows
Working Late at a Food Kiosk,1,https://youtube.com/watch?v=pcIywlRg8qM,Working Late at a Food Kiosk..,,,,,,,,,,,,,,
A new photorealistic horror experience,1,https://youtube.com/watch?v=hrFZQdOBaNY,A new photorealistic horror experience..,,,,,,,,,,,,,,
The Missing Case of Gracewind Forest,1,https://youtube.com/watch?v=dOrVsEBhRiE,The Missing Case of Gracewind Forest..,,,,,,,,,,,,,,
Night shift at a roadside diner,1,https://youtube.com/watch?v=qiTJw9tPomE,Night shift at a roadside diner..,,,,,,,,,,,,,,
A Simulator Horror Where You Work Fixing a Haunted House,1,https://youtube.com/watch?v=jrhzHYP7S2c,A Simulator Horror Where You Work Fixing a Haunted House..,,,,,,,,,,,,,,
This creepy stalker from work followed me home,1,https://youtube.com/watch?v=6CC7XVsRBLI,This creepy stalker from work followed me home..,,,,,,,,,,,,,,
One of the best Lovecraftian horror games I've ever played,1,https://youtube.com/watch?v=F121hbh0HYQ,One of the best Lovecraftian horror games I've ever played..,,,,,,,,,,,,,,
Im a paranormal detective investigating the abandoned Gilman family,1,https://youtube.com/watch?v=EoUOaUX3b1M,Im a paranormal detective investigating the abandoned Gilman family..,,,,,,,,,,,,,,
A horror game about INSOMNIA,1,https://youtube.com/watch?v=cAncxsUmUQg,A horror game about INSOMNIA..,,,,,,,,,,,,,,
INCREDIBLE NEW UFO HORROR,1,https://youtube.com/watch?v=HiTMqck-NUk,INCREDIBLE NEW UFO HORROR - Cosmic Fear,,,,,,,,,,,,,,
A disturbing horror game about THE DARK WEB,1,https://youtube.com/watch?v=9x_xJWT-Tjs,A disturbing horror game about THE DARK WEB..,,,,,,,,,,,,,,
This game messed me up,1,https://youtube.com/watch?v=K8ESg2IlNk0,This game messed me up.. - Murder House,,,,,,,,,,,,,,
This game is going straight into my recycle bin,1,https://youtube.com/watch?v=HwImE-_Qd7k,This game is going straight into my recycle bin.. | THE MAID,,,,,,,,,,,,,,
They actually made a SPIDER HORROR GAME,1,https://youtube.com/watch?v=apVCUvTHnDc,They actually made a SPIDER HORROR GAME..,,,,,,,,,,,,,,
This is the best horror game i've played this year,1,https://youtube.com/watch?v=3JemQRPKeJM,This is the best horror game i've played this year..,,,,,,,,,,,,,,
A new crazy psychological horror,1,https://youtube.com/watch?v=ws7S3Mv3-4k,A new crazy psychological horror..,,,,,,,,,,,,,,
Working the night shift as a delivery man,1,https://youtube.com/watch?v=hQh1Svc-YUE,Working the night shift as a delivery man..,,,,,,,,,,,,,,
The incident of Holiday Motel,1,https://youtube.com/watch?v=e7fxN6Ty72E,The incident of Holiday Motel..,,,,,,,,,,,,,,
I rented a cabin in the woods,1,https://youtube.com/watch?v=lLl_V2PiAbg,I rented a cabin in the woods..,,,,,,,,,,,,,,
Play as Sheriff James in an attempt to escape the morgue,1,https://youtube.com/watch?v=2Khvh6HO3H4,Play as Sheriff James in an attempt to escape the morgue..,,,,,,,,,,,,,,
Im being stalked,1,https://youtube.com/watch?v=0bwHUDKl_8A,Im being stalked..,,,,,,,,,,,,,,
In search for my daughter in this chinese manor,1,https://youtube.com/watch?v=kWVFfleU6nw,In search for my daughter in this chinese manor..,,,,,,,,,,,,,,
Sometimes its safer not to play these horror games,1,https://youtube.com/watch?v=Z0gI-WyCxoI,Sometimes its safer not to play these horror games..,,,,,,,,,,,,,,
Camping overnight at an abandoned manor,1,https://youtube.com/watch?v=W-2FHYhcN2w,Camping overnight at an abandoned manor..,,,,,,,,,,,,,,
Play as a little kid with teraphobia,1,https://youtube.com/watch?v=6oVJ0AE02no,Play as a little kid with teraphobia - Among the Sleep,,,,,,,,,,,,,,
A new zombie survival horror,1,https://youtube.com/watch?v=MYKQpkxV9hs,A new zombie survival horror..,,,,,,,,,,,,,,
Shipwrecked on an abandoned Island,1,https://youtube.com/watch?v=6d4RBdcngp0,Shipwrecked on an abandoned Island.. | Total Chaos,,,,,,,,,,,,,,
Overnight at the cabin in the woods,1,https://youtube.com/watch?v=qxT0nWOT4DY,Overnight at the cabin in the woods..,,,,,,,,,,,,,,
well.. this game was disturbing,1,https://youtube.com/watch?v=9RG6Tu1St0o,well.. this game was disturbing,,,,,,,,,,,,,,
Renting into a Haunted Property,1,https://youtube.com/watch?v=QOVKCK-M4gU,Renting into a Haunted Property | 心霊物件,,,,,,,,,,,,,,
Night shift at The Motel,1,https://youtube.com/watch?v=0knSV40x3go,Night shift at The Motel,,,,,,,,,,,,,,
A horror game about the deep sea,1,https://youtube.com/watch?v=v1VdnzC2-Go,A horror game about the deep sea..,,,,,,,,,,,,,,
Never going to sleep again,1,https://youtube.com/watch?v=OLF0TnlSlCU,Never going to sleep again.,,,,,,,,,,,,,,
A cozy nightshift serving burgers at the Kiosk,1,https://youtube.com/watch?v=CHtpc5t67wI,A cozy nightshift serving burgers at the Kiosk..,,,,,,,,,,,,,,
The door in the basement,1,https://youtube.com/watch?v=78-jI4BWPr0,The door in the basement.,https://store.steampowered.com/app/1436810,1436810,$10.99,"Adventure, Indie","Single-player, Steam Achievements, Steam Trading Cards, Camera Comfort, Color Alternatives, Custom Volume Controls, Playable without Timed Input, Stereo Sound, Partial Controller Support, Steam Cloud, Family Sharing",Aegon Games,Aegon Games,Indie,Playable,"Apr 21, 2021",167 reviews,,The Door in the Basement is an atmospheric pixelated horror game set in a mysterious subterranean world.,Windows
This horror game just CHEWED ME UP,1,https://youtube.com/watch?v=QHP-lXr34uk,This horror game just CHEWED ME UP.. | Dream Cage,,,,,,,,,,,,,,
Mom.. you are scaring me,1,https://youtube.com/watch?v=Slr49MQQ41g,Mom.. you are scaring me,,,,,,,,,,,,,,
A vietnamese horror game where you rent a room in a haunted house,1,https://youtube.com/watch?v=Sy9iS-9IpE8,A vietnamese horror game where you rent a room in a haunted house..,,,,,,,,,,,,,,
A New SCP Horror Game Where You're Stranded on Mars,1,https://youtube.com/watch?v=RuHsY6SbjGw,A New SCP Horror Game Where You're Stranded on Mars..,,,,,,,,,,,,,,
I went looting inside an abandoned village,1,https://youtube.com/watch?v=OdDBDCujD8E,I went looting inside an abandoned village..,,,,,,,,,,,,,,
Taking a break from horror games after this one,1,https://youtube.com/watch?v=zJPqd7IjpBY,Taking a break from horror games after this one.,,,,,,,,,,,,,,
This Filipino horror game is going straight to my recycling bin,1,https://youtube.com/watch?v=GvtU710vWdo,This Filipino horror game is going straight to my recycling bin..,,,,,,,,,,,,,,
NAH.. this horror game is nasty work,1,https://youtube.com/watch?v=-vcuHEcK1Dg,NAH.. this horror game is nasty work..,,,,,,,,,,,,,,
Haunted house for sale,1,https://youtube.com/watch?v=DmJfIQM65UA,Haunted house for sale.. | For Sale,,,,,,,,,,,,,,
0% chance im playing this game again,1,https://youtube.com/watch?v=iAY2hApXj1U,0% chance im playing this game again.,,,,,,,,,,,,,,
Human Ritual at the Gas Station,1,https://youtube.com/watch?v=qcYmj88otpY,Human Ritual at the Gas Station..,,,,,,,,,,,,,,
Someone sent me The Cursed Tape,1,https://youtube.com/watch?v=e1-nO2uywJo,Someone sent me The Cursed Tape..,,,,,,,,,,,,,,
3 Random Horror Games,1,https://youtube.com/watch?v=L3lZOcUkVJQ,3 Random Horror Games,,,,,,,,,,,,,,
The most disturbing game I've played in a long time,1,https://youtube.com/watch?v=UAm-9e8RGmQ,The most disturbing game I've played in a long time.. | Cursed Digicam,,,,,,,,,,,,,,
This SCP Horror Game is amazing,1,https://youtube.com/watch?v=XKIemBjm2_Q,This SCP Horror Game is amazing..,,,,,,,,,,,,,,
This egyptian horror game just took my soul,1,https://youtube.com/watch?v=V8_r0vlTi-4,This egyptian horror game just took my soul..,,,,,,,,,,,,,,
A VHS horror about the Fears of abduction,1,https://youtube.com/watch?v=dpSzLVkZh-s,A VHS horror about the Fears of abduction..,,,,,,,,,,,,,,
Survive an 80s Abandoned Arcade in this Brazilian Horror Game,1,https://youtube.com/watch?v=_r_P7ZveHsg,Survive an 80s Abandoned Arcade in this Brazilian Horror Game..,,,,,,,,,,,,,,
A horror game based on the true events of Snap Shot Killer,1,https://youtube.com/watch?v=pK7hH5HZTEM,A horror game based on the true events of Snap Shot Killer..,,,,,,,,,,,,,,
One of the best horror games I've played this year,1,https://youtube.com/watch?v=_bz7DkFNMUs,One of the best horror games I've played this year..,,,,,,,,,,,,,,
The disturbing case of Sunnyside Highschool,1,https://youtube.com/watch?v=Z97jK9J8NHM,The disturbing case of Sunnyside Highschool..,,,,,,,,,,,,,,
They Made A Santa Claus Horror Game,1,https://youtube.com/watch?v=SR6BdPQ72Gw,They Made A Santa Claus Horror Game | GIFT COLLECTOR,,,,,,,,,,,,,,
Visiting Grandma in the Countryside,1,https://youtube.com/watch?v=C-Fzq-sa8fU,Visiting Grandma in the Countryside..,,,,,,,,,,,,,,
Working at the Cabin Factory,1,https://youtube.com/watch?v=OSSlSRWbfFs,Working at the Cabin Factory..,,,,,,,,,,,,,,
Nightmare after christmas,1,https://youtube.com/watch?v=AlmbtZJ0U1g,Nightmare after christmas,,,,,,,,,,,,,,
This New Dinosaur Game is CREEPY AF,1,https://youtube.com/watch?v=S8zuNfLAokA,This New Dinosaur Game is CREEPY AF..,,,,,,,,,,,,,,
NOPE.. I dont wanna play a horror like this again,1,https://youtube.com/watch?v=caW7nJXQao0,NOPE.. I dont wanna play a horror like this again,,,,,,,,,,,,,,
Panic in the woods,1,https://youtube.com/watch?v=VnrMWoH6wLA,Panic in the woods.,https://store.steampowered.com/app/3036880,3036880,$5.99,"Action, Casual","Single-player, Multi-player, Co-op, Online Co-op, LAN Co-op, Steam Achievements, Full controller support, Steam Cloud, Family Sharing",Exit Plan Games,Exit Plan Games,Indie,Playable,"Sep 13, 2024",107 reviews,,"A horror survival and extraction game playable in single player or co-op for up to 4 players. Lost in a creepy forest, you and your friends are hunted by a monster. Stay quiet while extracting keys th",Windows
A Christmas Horror,1,https://youtube.com/watch?v=qZevMgfQqj8,A Christmas Horror..,,,,,,,,,,,,,,
Looking for my lost daughter in Taiwans most haunted village,1,https://youtube.com/watch?v=UivTEWtQXIg,Looking for my lost daughter in Taiwans most haunted village..,,,,,,,,,,,,,,
A home invasion horror game based on true events,1,https://youtube.com/watch?v=1AAJkkYOW7M,A home invasion horror game based on true events..,,,,,,,,,,,,,,
Working a CREEPY job in the mountains,1,https://youtube.com/watch?v=SRJjUni3qUY,Working a CREEPY job in the mountains..,,,,,,,,,,,,,,
Dating a Spanish Tiktoker Horror,1,https://youtube.com/watch?v=Df8DG6xy9wI,Dating a Spanish Tiktoker Horror..,,,,,,,,,,,,,,
An Incredible New Zombie Outbreak Survival Game,1,https://youtube.com/watch?v=y7CNnalXC_E,An Incredible New Zombie Outbreak Survival Game..,,,,,,,,,,,,,,
I'm DONE with Grandma Horror Games,1,https://youtube.com/watch?v=dmYY1y-ckt8,I'm DONE with Grandma Horror Games..,,,,,,,,,,,,,,
People have gone missing in this haunted mansion,1,https://youtube.com/watch?v=mj2ZAcA4_GE,People have gone missing in this haunted mansion..,,,,,,,,,,,,,,
A cozy home invasion horror,1,https://youtube.com/watch?v=Y422e3L0y2U,A cozy home invasion horror..,,,,,,,,,,,,,,
A horror game where you are a sniper assassin,1,https://youtube.com/watch?v=k_f8a1movCk,A horror game where you are a sniper assassin.. | Sniper Killer,,,,,,,,,,,,,,
I'M BEING FOLLOWED by a Creepy Tall Woman in CROWDED Places,1,https://youtube.com/watch?v=-md9t1a7FDU,I'M BEING FOLLOWED by a Creepy Tall Woman in CROWDED Places..,,,,,,,,,,,,,,
I Checked into haunted hotel that wont let me leave,1,https://youtube.com/watch?v=QEu6TrhyBNI,I Checked into haunted hotel that wont let me leave..,,,,,,,,,,,,,,
I Got A Shady Job Working at a Haunted Doll Factory,1,https://youtube.com/watch?v=yT5dUSapP_Q,I Got A Shady Job Working at a Haunted Doll Factory..,,,,,,,,,,,,,,
Lost in a horrifying Liminal Space,1,https://youtube.com/watch?v=M0jav8zAJwA,Lost in a horrifying Liminal Space.. | Liminalcore,,,,,,,,,,,,,,
A Horror Game About Vietnamese Urban Legends..| The Scourge,1,https://youtube.com/watch?v=bYkl4HIWUGg,A Horror Game About Vietnamese Urban Legends..| The Scourge,,,,,,,,,,,,,,
A psychological thriller game set in a dystopian world,1,https://youtube.com/watch?v=SBgl8C0fcKI,A psychological thriller game set in a dystopian world..,,,,,,,,,,,,,,
A Quiet Place The Road Ahead,1,https://youtube.com/watch?v=zvb85ZjZ14U,A Quiet Place The Road Ahead - A POST-APOCALYPTIC SURVIVAL HORROR..,https://store.steampowered.com/app/2233120,2233120,$29.99,"Action, Adventure","Single-player, Steam Achievements, Full controller support, Steam Trading Cards, Steam Cloud, Family Sharing",Stormind Games,Saber Interactive,AA,Verified,"Oct 17, 2024","2,112 reviews",,A Quiet Place: The Road Ahead is a single-player horror adventure game inspired by the critically acclaimed blockbuster movie franchise. Survive in silence.,Windows
Silent Hill 2 Remake Ending,1,https://youtube.com/watch?v=TZtJ0E4i5IA,Silent Hill 2 Remake Ending,,,,,,,,,,,,,,
Until Dawn Remake,1,https://youtube.com/watch?v=i01iianupUU,Until Dawn Remake - FULL GAME,https://store.steampowered.com/app/2172010,2172010,$59.99,Adventure,"Single-player, Steam Achievements, Full controller support, Adjustable Text Size, Camera Comfort, Custom Volume Controls, Adjustable Difficulty, Narrated Game Menus, Playable without Timed Input, Stereo Sound, Subtitle Options, Surround Sound, Steam Cloud, Family Sharing",Ballistic Moon,PlayStation Publishing LLC,AAA,Unsupported,"Oct 4, 2024","3,108 reviews",,"Rebuilt and enhanced for PC – Until Dawn invites you to relive the nightmare, and immerse yourself in a gripping slasher horror where every decision can make the difference between life and death.",Windows
Home alone in Japan,1,https://youtube.com/watch?v=JGJvk0gQnfY,Home alone in Japan | 3 RANDOM HORROR GAMES,,,,,,,,,,,,,,
A Zookeeping Simulator Horror Game,1,https://youtube.com/watch?v=MwJKNKROqK0,A Zookeeping Simulator Horror Game - Zoochosis,,,,,,,,,,,,,,
I'm Searching for My DAD in a Creepy Mental Asylum,1,https://youtube.com/watch?v=ZBSNqtTuyxw,I'm Searching for My DAD in a Creepy Mental Asylum..,,,,,,,,,,,,,,
A First Person Horror Game of a dying crew lost in space,1,https://youtube.com/watch?v=jBibuZ7HW4M,A First Person Horror Game of a dying crew lost in space - Mouthwashing,,,,,,,,,,,,,,
Working a Disturbing Water Delivery Job in the Countryside,1,https://youtube.com/watch?v=PzpWnS5Knos,Working a Disturbing Water Delivery Job in the Countryside..,,,,,,,,,,,,,,
An incredible survival horror game set in a dystopian future,1,https://youtube.com/watch?v=IT-zWl5bkEQ,An incredible survival horror game set in a dystopian future..,,,,,,,,,,,,,,
Dead Rising Deluxe Remaster,1,https://youtube.com/watch?v=yMwdzgwyi1U,Dead Rising Deluxe Remaster - Surviving A Zombie Outbreak (FULL GAME),,,,,,,,,,,,,,
Never Working at a Japanese Bathhouse,1,https://youtube.com/watch?v=aFllLNRwR_E,Never Working at a Japanese Bathhouse | The Bathhouse | 地獄銭湯,,,,,,,,,,,,,,
This horror game broke my heart,1,https://youtube.com/watch?v=hObzFayLoq0,This horror game broke my heart.. | Bad Parenting,,,,,,,,,,,,,,
A WINTER GETAWAY HORROR,1,https://youtube.com/watch?v=iAGzpYtQ6-o,A WINTER GETAWAY HORROR.. | Fears To Fathom: Woodbury Getaway,,,,,,,,,,,,,,
A surreal horror game about the after life,1,https://youtube.com/watch?v=JaoVRHl80hg,A surreal horror game about the after life..,,,,,,,,,,,,,,
an incredible farming simulator horror,1,https://youtube.com/watch?v=vEeBaRSA004,an incredible farming simulator horror..,,,,,,,,,,,,,,
A security guard's final hours at a new york subway station,1,https://youtube.com/watch?v=8EOjvl1r4y8,A security guard's final hours at a new york subway station..,,,,,,,,,,,,,,
A psycological horror game that deals with witchcraft,1,https://youtube.com/watch?v=uALJf10DELo,A psycological horror game that deals with witchcraft..,,,,,,,,,,,,,,
THE WINDOWS ARE GONE,1,https://youtube.com/watch?v=7AudgJ5vmJE,THE WINDOWS ARE GONE..,https://store.steampowered.com/app/2590250,2590250,Free,Action,Single-player,Scary Cube,Scary Cube,Indie,Playable,"Oct 2, 2023",No reviews,,"Haunted by grief and guilt after a tragic accident, you start seeing a house in your dreams. No matter what you do, you can't get its image out of your mind. You feel it calling for you, so you answer",Windows
A cops desperate attempt to escape a cursed home,1,https://youtube.com/watch?v=JhiIqj_cxSU,A cops desperate attempt to escape a cursed home.,,,,,,,,,,,,,,
This home invasion horror game is UNHINGED,1,https://youtube.com/watch?v=HjZ_JRUOUaQ,This home invasion horror game is UNHINGED..,,,,,,,,,,,,,,
This japanese horror game mentally scarred me,1,https://youtube.com/watch?v=UtWQ-lTpdhQ,This japanese horror game mentally scarred me.. | SeijunDROP,,,,,,,,,,,,,,
A horror game where you work the night shift serving burgers,1,https://youtube.com/watch?v=OK4BkBMau8U,A horror game where you work the night shift serving burgers..,,,,,,,,,,,,,,
A psycological horror game about sleep paralysis,1,https://youtube.com/watch?v=hl2Yy9o1PnI,A psycological horror game about sleep paralysis..,,,,,,,,,,,,,,
Hyper-realistic horror that uses your mic to communicate with a dead housemaid,1,https://youtube.com/watch?v=MCnQNfvlHSI,Hyper-realistic horror that uses your mic to communicate with a dead housemaid..,,,,,,,,,,,,,,
Working the night shift at a haunted pizzeria,1,https://youtube.com/watch?v=N1KQjic7Ubg,Working the night shift at a haunted pizzeria..,,,,,,,,,,,,,,
"Daddy, chill",1,https://youtube.com/watch?v=CUOUKi5_O78,"Daddy, chill..",,,,,,,,,,,,,,
A Shadow Conspiracy Horror Game Inspired By Resident Evil,1,https://youtube.com/watch?v=8a_eb1YNXco,A Shadow Conspiracy Horror Game Inspired By Resident Evil - Connection: Nightmare Within,,,,,,,,,,,,,,
The Shape-Shifting Killer in the Woods,1,https://youtube.com/watch?v=APG1GXQbX7M,The Shape-Shifting Killer in the Woods..,,,,,,,,,,,,,,
This is One of the Best Horror Games I've Played,1,https://youtube.com/watch?v=wU5aAGp9OIg,This is One of the Best Horror Games I've Played.. - REVEIL (FULL GAME),,,,,,,,,,,,,,
A Deadly Late Night Snack,1,https://youtube.com/watch?v=zAr-e6_Beog,A Deadly Late Night Snack | EGG FRIED RICE,,,,,,,,,,,,,,
A Detective's Body Cam Horror Footage,1,https://youtube.com/watch?v=_rADUfdnhlI,A Detective's Body Cam Horror Footage.,,,,,,,,,,,,,,
Lunch Lady Horror,1,https://youtube.com/watch?v=ZuIOQ7JOUKQ,Lunch Lady Horror,,,,,,,,,,,,,,
"IF YOU CLAP, HE COMES",1,https://youtube.com/watch?v=8SKWCDAwIbc,"IF YOU CLAP, HE COMES..",,,,,,,,,,,,,,
Alan Wake 2 Night Springs DLC,1,https://youtube.com/watch?v=TFMRO-KX0jw,Alan Wake 2 Night Springs DLC - FULL GAME,,,,,,,,,,,,,,
NEW BLACK OPS 6 GAMEPLAY,1,https://youtube.com/watch?v=BuilNEHZ3WU,NEW BLACK OPS 6 GAMEPLAY..,,,,,,,,,,,,,,
The murder of a mentally unstable husband,1,https://youtube.com/watch?v=GbxagBeL6Po,The murder of a mentally unstable husband..,,,,,,,,,,,,,,
Would you play a game made by the devil..?,1,https://youtube.com/watch?v=L91spDE_V5Y,Would you play a game made by the devil..?,,,,,,,,,,,,,,
I Broke into an Abandoned Theme Park,1,https://youtube.com/watch?v=s5jFrysNeKw,I Broke into an Abandoned Theme Park.. - Indigo Park (Chapter 1),,,,,,,,,,,,,,
NEW SILENT HILL 2 REMAKE GAMEPLAY,1,https://youtube.com/watch?v=6JeSxa-7wN8,NEW SILENT HILL 2 REMAKE GAMEPLAY..,,,,,,,,,,,,,,
"A game where you wake up alone, in space",1,https://youtube.com/watch?v=1l0Zz4SN8pU,"A game where you wake up alone, in space.. | We Went Back",,,,,,,,,,,,,,
ESCAPE THIS HAUNTED TAIWANESE SCHOOL,1,https://youtube.com/watch?v=zEtw9cgl4nI,ESCAPE THIS HAUNTED TAIWANESE SCHOOL | The Bridge Curse 2 (Full Game),,,,,,,,,,,,,,
I went ghost hunting in an ABANDONED house,1,https://youtube.com/watch?v=H9bH4uaKqhE,I went ghost hunting in an ABANDONED house..,,,,,,,,,,,,,,
Lost in the woods with the Mimic Killer,1,https://youtube.com/watch?v=w3_2WowZFSc,Lost in the woods with the Mimic Killer..,,,,,,,,,,,,,,
I Tried Playing 2 New Random Backrooms Horror Games,1,https://youtube.com/watch?v=oj4L2v-EwMY,I Tried Playing 2 New Random Backrooms Horror Games..,,,,,,,,,,,,,,
A Psycological Horror Where You Play A Rookie Cop,1,https://youtube.com/watch?v=m3BU8mnxH7c,A Psycological Horror Where You Play A Rookie Cop..,,,,,,,,,,,,,,
My First Time Ever Playing The Outlast Trials..😳,1,https://youtube.com/watch?v=TqL6vOoHFNM,My First Time Ever Playing The Outlast Trials..😳,,,,,,,,,,,,,,
I hate myself for ever playing this game,1,https://youtube.com/watch?v=0HxKAq67vUg,I hate myself for ever playing this game..,,,,,,,,,,,,,,
DINOSAUR FOUND FOOTAGE HORROR,1,https://youtube.com/watch?v=cEWp_aEEIes,DINOSAUR FOUND FOOTAGE HORROR | Unknow Tapes,,,,,,,,,,,,,,
A Sinister Game About Working The Night Shift as a Garbage Man,1,https://youtube.com/watch?v=FjoDOAw1AlI,A Sinister Game About Working The Night Shift as a Garbage Man..,,,,,,,,,,,,,,
A Crime Scene Horror,1,https://youtube.com/watch?v=FczKloD3-Jo,A Crime Scene Horror.,,,,,,,,,,,,,,
This Game Has MY KNEES WEAK,1,https://youtube.com/watch?v=46XkwNQPOeM,This Game Has MY KNEES WEAK.. - The Torture House,,,,,,,,,,,,,,
"NAH, this game is too much",1,https://youtube.com/watch?v=OJ-8bRfAdpY,"NAH, this game is too much.. - Northbury Grove (2024)",,,,,,,,,,,,,,
Play as a cop in this photorealistic body cam horror thats listens to you,1,https://youtube.com/watch?v=CIojLwM5S7s,Play as a cop in this photorealistic body cam horror thats listens to you.. | SILENT BREATH,,,,,,,,,,,,,,
Undead Trooper Zombies.. 😲,1,https://youtube.com/watch?v=CF5HWd1IFsE,Undead Trooper Zombies.. 😲 - DEATHTROOPERS 2,,,,,,,,,,,,,,
Star Wars Survival Horror,1,https://youtube.com/watch?v=p3XGe6fV5Tg,Star Wars Survival Horror..,,,,,,,,,,,,,,
A Horror Games About Loneliness and Isolation,1,https://youtube.com/watch?v=RV0r-XYSwUs,A Horror Games About Loneliness and Isolation.,,,,,,,,,,,,,,
EXCAVATION BUNKER NIGHTMARE,1,https://youtube.com/watch?v=m47P0Gp0vno,EXCAVATION BUNKER NIGHTMARE.. | There’s Something in the Ice,,,,,,,,,,,,,,
JAPANESE TRAIN HORROR,1,https://youtube.com/watch?v=VNcWYD88LMI,JAPANESE TRAIN HORROR - Chilla's Art Shinkansen 0 | 新幹線 0号,,,,,,,,,,,,,,
The Neighborhood Sacrifice,1,https://youtube.com/watch?v=T2IECwy1UJQ,The Neighborhood Sacrifice - Community,,,,,,,,,,,,,,
Alone in the Dark,1,https://youtube.com/watch?v=BdVjZYuD4fA,Alone in the Dark - A NEW DETECTIVE HORROR..,https://store.steampowered.com/app/1310410,1310410,$39.99,"Action, Adventure","Single-player, Steam Achievements, Full controller support, Steam Trading Cards, Steam Cloud, Family Sharing",Pieces Interactive,THQ Nordic,AAA,Playable,"Mar 20, 2024","3,036 reviews",,"Return to Derceto Manor in this reimagination of Alone in the Dark, a love letter to the 90’s cult classic horror game.",Windows
A 90s Summer Camp Horror,1,https://youtube.com/watch?v=OHB9GPIJCDg,A 90s Summer Camp Horror..,,,,,,,,,,,,,,
An Unpleasant Analog Horror,1,https://youtube.com/watch?v=wvUIzKPCVHQ,An Unpleasant Analog Horror,,,,,,,,,,,,,,
Im Deleting This Game IMMEDIATELY,1,https://youtube.com/watch?v=m3DBsnrNGLk,Im Deleting This Game IMMEDIATELY.,,,,,,,,,,,,,,
A Horror Game Where You Play as a Mentally ill Father,1,https://youtube.com/watch?v=HiFOqbWuuSk,A Horror Game Where You Play as a Mentally ill Father..,,,,,,,,,,,,,,
Hyper-Realistic Body Cam Horror,1,https://youtube.com/watch?v=itCPuf-n1EM,Hyper-Realistic Body Cam Horror,,,,,,,,,,,,,,
This New Photorealistic Backrooms Game is TERRIFYING,1,https://youtube.com/watch?v=MSZM0k9sPOs,This New Photorealistic Backrooms Game is TERRIFYING... | Backrooms Rec,,,,,,,,,,,,,,
A Chinese Paranormal Horror,1,https://youtube.com/watch?v=rJnaOqecuqA,A Chinese Paranormal Horror,,,,,,,,,,,,,,
"OKAY, This Turkish Horror Game is Terrifying",1,https://youtube.com/watch?v=QNecuJWr-tI,"OKAY, This Turkish Horror Game is Terrifying..",,,,,,,,,,,,,,
Abandoned Ghost Ship Horror,1,https://youtube.com/watch?v=SVhsF8whhUA,Abandoned Ghost Ship Horror | Lazaret (FULL GAME),,,,,,,,,,,,,,
Prison Escape Horror,1,https://youtube.com/watch?v=tTlBSWC20iU,Prison Escape Horror - Quod,,,,,,,,,,,,,,
A Horror Game Where You've Been Kidnapped By A Cannibal Family,1,https://youtube.com/watch?v=gsLleqqQ0Og,A Horror Game Where You've Been Kidnapped By A Cannibal Family..,,,,,,,,,,,,,,
"GREAT, Another Realistic Horror Game About A Psychiatric Hospital",1,https://youtube.com/watch?v=dOnL1hxITDc,"GREAT, Another Realistic Horror Game About A Psychiatric Hospital..",,,,,,,,,,,,,,
IFU,1,https://youtube.com/watch?v=kevPX9gzTh0,IFU,https://store.steampowered.com/app/2666080,2666080,$3.99,"Adventure, Indie, Simulation","Single-player, Full controller support, Family Sharing",Setonika Games,Dark Games DGG,Indie,Unknown,"Feb 5, 2024",No reviews,,IFU is a psychological horror about a young guy who is forcibly locked in an abandoned mansion of a dead surgeon along with his restless soul.,Windows
Never Take The Train ALONE,1,https://youtube.com/watch?v=mx8kn-ey-F0,Never Take The Train ALONE..,,,,,,,,,,,,,,
A VHS horror game about a police body-cam footage,1,https://youtube.com/watch?v=Jzg_5hrBMaY,A VHS horror game about a police body-cam footage..,,,,,,,,,,,,,,
Working as a telephone operator finding disturbing anomalies,1,https://youtube.com/watch?v=q_gtUY3i3RQ,Working as a telephone operator finding disturbing anomalies..,,,,,,,,,,,,,,
I took home a cursed video game,1,https://youtube.com/watch?v=0f8gCPrgo2I,I took home a cursed video game..,,,,,,,,,,,,,,
"Working in a 1980s Movie Theater, But Theres A Killer On The Loose",1,https://youtube.com/watch?v=bflKO9lwY_I,"Working in a 1980s Movie Theater, But Theres A Killer On The Loose..",,,,,,,,,,,,,,
A horror game where you are stranded in space with your dying crew,1,https://youtube.com/watch?v=LcSeYWF83dQ,A horror game where you are stranded in space with your dying crew..,,,,,,,,,,,,,,
HORROR GAME OF THE YEAR,1,https://youtube.com/watch?v=2qdIi7vNMV0,HORROR GAME OF THE YEAR | Five Nights at Shreks Hotel 2,,,,,,,,,,,,,,
A disturbing horror game based on a true story,1,https://youtube.com/watch?v=XWwjiqPXNjE,A disturbing horror game based on a true story..,,,,,,,,,,,,,,
Silent Hill: The Short Message,1,https://youtube.com/watch?v=U_WkISrytHQ,Silent Hill: The Short Message - FULL GAME,,,,,,,,,,,,,,
I Have to Use My Mic to Find My Dog In The Sewers,1,https://youtube.com/watch?v=Z0flimcPcdY,I Have to Use My Mic to Find My Dog In The Sewers..,,,,,,,,,,,,,,
This Russian Psycological Horror Game is UNHINGED,1,https://youtube.com/watch?v=zZ6DQIcCut8,This Russian Psycological Horror Game is UNHINGED..,,,,,,,,,,,,,,
I Got Job As A Forest Ranger Where People Are Going Missing,1,https://youtube.com/watch?v=_GC2jLHh6o0,I Got Job As A Forest Ranger Where People Are Going Missing..,,,,,,,,,,,,,,
A paranormal horror game where you look after a dead body,1,https://youtube.com/watch?v=5r1a30-l9fE,A paranormal horror game where you look after a dead body..,,,,,,,,,,,,,,
This horror game just DAMAGED my soul,1,https://youtube.com/watch?v=iKE48TekBwc,This horror game just DAMAGED my soul..,,,,,,,,,,,,,,
I took my camcorder to record a haunted doll house,1,https://youtube.com/watch?v=NjqaVIIZuAg,I took my camcorder to record a haunted doll house..,,,,,,,,,,,,,,
Welcome to THE LAST OF US 2 REMASTERED,1,https://youtube.com/watch?v=kkFyxH7XeKA,Welcome to THE LAST OF US 2 REMASTERED..,,,,,,,,,,,,,,
Dont walk alone at night in the streets of Japan,1,https://youtube.com/watch?v=glNs2OfSAP4,Dont walk alone at night in the streets of Japan..,,,,,,,,,,,,,,
Realistic horror game that uses your mic to communicate with evil entities,1,https://youtube.com/watch?v=O8sxPda7Ork,Realistic horror game that uses your mic to communicate with evil entities.. | Supernormal,,,,,,,,,,,,,,
This VHS tape is hiding a frightening secret,1,https://youtube.com/watch?v=0igZCQvV5SE,This VHS tape is hiding a frightening secret..,,,,,,,,,,,,,,
ACTUALLY.. an impressive new horror game,1,https://youtube.com/watch?v=n54OkiqxcLo,ACTUALLY.. an impressive new horror game,,,,,,,,,,,,,,
This horror game damaged me inside,1,https://youtube.com/watch?v=dMOtufHD3so,This horror game damaged me inside.. | SHHH!,,,,,,,,,,,,,,
A nail-biting horror game about 'russian roulette',1,https://youtube.com/watch?v=TnoEX1cLJsI,A nail-biting horror game about 'russian roulette'...,,,,,,,,,,,,,,
a psychological horror game where you have to escape from a hospital,1,https://youtube.com/watch?v=40t80UJeOAM,a psychological horror game where you have to escape from a hospital..,,,,,,,,,,,,,,
Broken Through,1,https://youtube.com/watch?v=KhrdKlw-W8k,Broken Through - FULL GAME,,,,,,,,,,,,,,
A japanese found footage horror game,1,https://youtube.com/watch?v=bmDdOBXIctA,A japanese found footage horror game.. | Chilla's Art Jisatsu - 自撮,,,,,,,,,,,,,,
A horror game about working at a cemetery,1,https://youtube.com/watch?v=sF2MVsoQI5Q,A horror game about working at a cemetery..,,,,,,,,,,,,,,
FOUND FOOTAGE HORROR,1,https://youtube.com/watch?v=ucU4aK0v_UM,FOUND FOOTAGE HORROR - Teleforum,,,,,,,,,,,,,,
A horror game where you take care of your sick sister,1,https://youtube.com/watch?v=Csn36weAaic,A horror game where you take care of your sick sister..,,,,,,,,,,,,,,
Lethal Company is actually insane,1,https://youtube.com/watch?v=X49EFrySbQU,Lethal Company is actually insane..,,,,,,,,,,,,,,
Slender: The Arrival,1,https://youtube.com/watch?v=enlBfF0dM2A,Slender: The Arrival,https://store.steampowered.com/app/252330,252330,$19.99,"Action, Adventure, Indie","Single-player, Steam Achievements, Steam Trading Cards, Partial Controller Support, Steam Cloud, Stats, Steam Leaderboards, Family Sharing",Blue Isle Studios,Blue Isle Publishing,Indie,Playable,"Oct 28, 2013","7,806 reviews",65,Slender Man returns more terrifying than ever. You're on your own. No one to help you. No one to hear you scream. Relive the horror all over again with cutting edge visuals for the 10th Anniversary Up,"Windows, Mac"
a horror game about a kidnap incident,1,https://youtube.com/watch?v=p3Aj1iIZzpc,a horror game about a kidnap incident.. | The Kidnap | 誘拐事件,,,,,,,,,,,,,,
Don't stay past midnight,1,https://youtube.com/watch?v=HcRco5XiIjw,Don't stay past midnight..,,,,,,,,,,,,,,
WAIT.. they made a new dinosaur horror game,1,https://youtube.com/watch?v=z_sdJEyWv3U,WAIT.. they made a new dinosaur horror game,,,,,,,,,,,,,,
A horror game about an obssessive EX-BOYFRIEND,1,https://youtube.com/watch?v=OqugE0qv1yQ,A horror game about an obssessive EX-BOYFRIEND..,,,,,,,,,,,,,,
The Walking Dead Destinies is so bad..😂,1,https://youtube.com/watch?v=zfizDjuVvq8,The Walking Dead Destinies is so bad..😂,,,,,,,,,,,,,,
this horror game was made by a 13 year old,1,https://youtube.com/watch?v=LJUjqyVOcgE,this horror game was made by a 13 year old..,,,,,,,,,,,,,,
A horror game about being BURIED ALIVE,1,https://youtube.com/watch?v=Gxaprrgd2kM,A horror game about being BURIED ALIVE..,,,,,,,,,,,,,,
Don't Scream or die,1,https://youtube.com/watch?v=ItK9G_Udfy4,Don't Scream or die,,,,,,,,,,,,,,
A PARK RANGER SURVIVAL HORROR,1,https://youtube.com/watch?v=ZMiB87_aPmw,A PARK RANGER SURVIVAL HORROR.. | Fears to Fathom: Ironbark Lookout,,,,,,,,,,,,,,
Dead Island 2 Haus DLC,1,https://youtube.com/watch?v=247Wqkwcc2I,Dead Island 2 Haus DLC (Full Game),https://store.steampowered.com/app/2813100,2813100,$6.99,"Action, Adventure","Single-player, Multi-player, Co-op, Online Co-op, Downloadable Content, Steam Achievements, Full controller support, Steam Cloud, Family Sharing",Dambuster Studios,Deep Silver,AAA,Unknown,"Apr 22, 2024",241 reviews,,"Lose yourself in a surreal, psycho-horror dreamscape as you explore a mysterious villa in Malibu. Descend through madness, debauchery, and gore, where survival means confronting a new wave of unexpect",Windows
This detective horror game messed me up,1,https://youtube.com/watch?v=NSRZ4wyjcEk,This detective horror game messed me up..,,,,,,,,,,,,,,
a photorealistic cosmic horror game about UFOs,1,https://youtube.com/watch?v=XH5YiJ45CJU,a photorealistic cosmic horror game about UFOs..,,,,,,,,,,,,,,
RESIDENT EVIL 4 REMAKE SEPERATE WAYS DLC,1,https://youtube.com/watch?v=m3-dDbU7CUk,RESIDENT EVIL 4 REMAKE SEPERATE WAYS DLC - The Full Game,,,,,,,,,,,,,,
Resident Evil 4 Remake Seperate Ways DLC,1,https://youtube.com/watch?v=amG14lY3-K4,Resident Evil 4 Remake Seperate Ways DLC - Part 1 - HERE WE GO AGAIN..,,,,,,,,,,,,,,
Pumpkin Panic is hiding something DISTURBING,1,https://youtube.com/watch?v=4p-kiQEr598,Pumpkin Panic is hiding something DISTURBING..,,,,,,,,,,,,,,
Chilla's Art The Ghost Train,1,https://youtube.com/watch?v=RQi2JnmGelc,Chilla's Art The Ghost Train | 幽霊列車,https://store.steampowered.com/app/1349960,1349960,$2.99,"Action, Adventure, Casual, Indie, Simulation","Single-player, Steam Achievements, Family Sharing",Chilla's Art,Chilla's Art,Indie,Unknown,"Jul 23, 2020",612 reviews,,The Ghost Train | 幽霊列車 is a psychological train horror game.,Windows
HELP.. This creepy stalker broke into my apartment,1,https://youtube.com/watch?v=-BfiPHxaxyU,HELP.. This creepy stalker broke into my apartment | Parasocial | パラソーシャル,,,,,,,,,,,,,,
A NEW MASCOT HORROR GAME,1,https://youtube.com/watch?v=8-zX0D3RxVQ,A NEW MASCOT HORROR GAME.. | Joyville,,,,,,,,,,,,,,
SO.. I Tried Playing Texas Chainsaw Massacre,1,https://youtube.com/watch?v=RAe2bemYhCs,SO.. I Tried Playing Texas Chainsaw Massacre,,,,,,,,,,,,,,
GREAT.. a new body cam horror game,1,https://youtube.com/watch?v=IIjGS5yRkxM,GREAT.. a new body cam horror game,,,,,,,,,,,,,,
This horror game just DELETED my soul,1,https://youtube.com/watch?v=DQLC25Auav4,This horror game just DELETED my soul..,,,,,,,,,,,,,,
ULTRA REALISTIC BACKROOMS EXPERIENCE,1,https://youtube.com/watch?v=tL0f7vT5qPo,ULTRA REALISTIC BACKROOMS EXPERIENCE.. | The Complex: Expedition,,,,,,,,,,,,,,
A new PT inspired psycological horror game,1,https://youtube.com/watch?v=b_qv7ZA8s-I,A new PT inspired psycological horror game..,,,,,,,,,,,,,,
The Callisto Protocol: Final Transmission,1,https://youtube.com/watch?v=DcxGuvl4XlI,The Callisto Protocol: Final Transmission,https://store.steampowered.com/app/2005983,2005983,$14.99,"Action, Adventure","Single-player, Downloadable Content, Steam Achievements, Full controller support, Family Sharing",Striking Distance Studios,"KRAFTON, Inc.",AAA,Unknown,"Jun 28, 2023",863 reviews,,"The biophage virus threatens to spread beyond the walls of Black Iron Prison. Fight through the derelict penitentiary in a last-ditch attempt to retrieve Mahler’s data, get it off Callisto and redeem ",Windows
I never wanna see this game again,1,https://youtube.com/watch?v=4_TvcFVZ6OA,I never wanna see this game again.. | Night Security | 夜間警備,,,,,,,,,,,,,,
WAIT.. there’s actually a dinosaur horror game 😱,1,https://youtube.com/watch?v=Iq5tOi9RINA,WAIT.. there’s actually a dinosaur horror game 😱,,,,,,,,,,,,,,
They Are Here: Alien Abduction Horror,1,https://youtube.com/watch?v=VcLtDm9cTI0,They Are Here: Alien Abduction Horror,https://store.steampowered.com/app/1547540,1547540,,"Adventure, Indie","Single-player, Steam Achievements, Full controller support, Steam Cloud, Family Sharing",DEKLAZON,PQube,Indie,Unknown,2026,No reviews,,A first-person narrative horror game about an alien abduction at Grayswood Farm. 👽 The game is inspired by such movies as “Signs” and “The X-Files”.🛸,Windows
A NEW UFO HORROR GAME,1,https://youtube.com/watch?v=rUalOEhBhZI,A NEW UFO HORROR GAME.. - Incident at Grove Lake,,,,,,,,,,,,,,
Welcome to The Greyhill Incident,1,https://youtube.com/watch?v=Jq6EuQujxcs,Welcome to The Greyhill Incident..,,,,,,,,,,,,,,
An Underwater Submarine Horror Game,1,https://youtube.com/watch?v=tYkKp74CJpw,An Underwater Submarine Horror Game.. | Sinking Iron,,,,,,,,,,,,,,
Nightmare in Squidville,1,https://youtube.com/watch?v=t3v66F9VDw8,Nightmare in Squidville..,,,,,,,,,,,,,,
A Photo-Realistic Body Cam Horror Game,1,https://youtube.com/watch?v=y0bfbMoti9o,A Photo-Realistic Body Cam Horror Game | Depart Prototype,,,,,,,,,,,,,,
Should have NEVER downloaded this game,1,https://youtube.com/watch?v=winH6gB8aVo,Should have NEVER downloaded this game.. | Open Door,,,,,,,,,,,,,,
Layers of Fear has made its RETURN,1,https://youtube.com/watch?v=Vjq4AApJP38,Layers of Fear has made its RETURN..,,,,,,,,,,,,,,
WAIT.. actually a good horror game,1,https://youtube.com/watch?v=pLPyGL2kefs,WAIT.. actually a good horror game..,,,,,,,,,,,,,,
this is NOT A KIDS GAME,1,https://youtube.com/watch?v=zWJJlJMOPr4,this is NOT A KIDS GAME - Amanda The Adventurer - FULL GAME,,,,,,,,,,,,,,
UFO SURVIVAL HORROR ,1,https://youtube.com/watch?v=D2BmY9mLsVQ,UFO SURVIVAL HORROR .. | Greyhill Incident,,,,,,,,,,,,,,
Dead Island 2 Ending,1,https://youtube.com/watch?v=Z4Ie9IQYBjk,Dead Island 2 Ending - Part 8 - A HOLLYWOOD ENDING,,,,,,,,,,,,,,
POLICE DETECTIVE HORROR,1,https://youtube.com/watch?v=nu7wuRLkSzI,POLICE DETECTIVE HORROR.. | Missing Children | 行方不明,,,,,,,,,,,,,,
LOST VHS HORROR TAPE,1,https://youtube.com/watch?v=czGyhxsgtM0,LOST VHS HORROR TAPE | Countryside 1999,,,,,,,,,,,,,,
LETS PLAY HIDE AND SEEK,1,https://youtube.com/watch?v=pUOcGGmrv1o,LETS PLAY HIDE AND SEEK | Bughouse,,,,,,,,,,,,,,
Stuck in a simulation horror,1,https://youtube.com/watch?v=fMLsVpbFO2Q,Stuck in a simulation horror.. | File Destined,,,,,,,,,,,,,,
TAKING CARE OF GRANDMPA,1,https://youtube.com/watch?v=yK3aXnmMb6c,TAKING CARE OF GRANDMPA | The Caregiver | 終焉介護,,,,,,,,,,,,,,
MY FRIENDS HAUNTED APARTMENT,1,https://youtube.com/watch?v=kOVjVV7RsSQ,MY FRIENDS HAUNTED APARTMENT.. | Stigmatized Property | 事故物件,,,,,,,,,,,,,,
A VERY DISTURBING GAME EXPERIENCE,1,https://youtube.com/watch?v=kXXfW778yvU,A VERY DISTURBING GAME EXPERIENCE.. | The Karaoke | ヒトカラ,,,,,,,,,,,,,,
Welcome to THE LAST OF US PART 1 PC,1,https://youtube.com/watch?v=HhP-oyYD2sI,Welcome to THE LAST OF US PART 1 PC,,,,,,,,,,,,,,
Resident Evil 5 Ending,1,https://youtube.com/watch?v=wQeMBM7-B1s,Resident Evil 5 Ending - Part 5 - ACTUALLY A GOOD ENDING,,,,,,,,,,,,,,
a new Backrooms realistic horror,1,https://youtube.com/watch?v=1PaWWBI2X08,a new Backrooms realistic horror..,,,,,,,,,,,,,,
Resident Evil 5: 14 YEARS LATER,1,https://youtube.com/watch?v=nr-wV_j4Xog,Resident Evil 5: 14 YEARS LATER..,,,,,,,,,,,,,,
DEAD ISLAND 2 NEW GAMEPLAY,1,https://youtube.com/watch?v=2DLJXjGqJO4,DEAD ISLAND 2 NEW GAMEPLAY..,,,,,,,,,,,,,,
so.. this is RESIDENT EVIL VILLAGE on PSVR2,1,https://youtube.com/watch?v=ZX8LIkfuBSk,so.. this is RESIDENT EVIL VILLAGE on PSVR2,,,,,,,,,,,,,,
Careful going to the neighbors house,1,https://youtube.com/watch?v=at2dtbagRU4,Careful going to the neighbors house..,,,,,,,,,,,,,,
This Resident Evil 4 Remake,1,https://youtube.com/watch?v=VlcUzmewJfo,This Resident Evil 4 Remake Gameplay LOOKS INCREDIBLE..,,,,,,,,,,,,,,
Atomic Heart,1,https://youtube.com/watch?v=vsNPY-YeTls,Atomic Heart - Part 4 - ABSOLUTELY TERRIFYING,https://store.steampowered.com/app/668580,668580,$59.99,"Action, Adventure, RPG","Single-player, Steam Achievements, Full controller support, Steam Trading Cards, Adjustable Text Size, Camera Comfort, Color Alternatives, Custom Volume Controls, Adjustable Difficulty, Playable without Timed Input, Stereo Sound, Surround Sound, Steam Cloud, Family Sharing",Mundfish,"Focus Entertainment, 4Divinity",AAA,Verified,"Feb 20, 2023","34,232 reviews",76,"In a mad and sublime utopian world, take part in explosive encounters. Adapt your fighting style to each opponent, use your environment and upgrade your equipment to fulfill your mission. If you want ",Windows
I really need to delete this game,1,https://youtube.com/watch?v=zD9kHv9XOXw,I really need to delete this game..,,,,,,,,,,,,,,
they made a Garfield Horror Game,1,https://youtube.com/watch?v=L-dK87uRk-E,they made a Garfield Horror Game..,,,,,,,,,,,,,,
NEVER take this elevator,1,https://youtube.com/watch?v=igV8_S0v440,NEVER take this elevator..,,,,,,,,,,,,,,
A HOME BREAK-IN HORROR,1,https://youtube.com/watch?v=M5AiyNa7GvA,A HOME BREAK-IN HORROR.. | Fears to Fathom Carson House (Episode 3),,,,,,,,,,,,,,
This horror game ended my existence,1,https://youtube.com/watch?v=LFiL9QbdIu4,This horror game ended my existence.. | September 7th,,,,,,,,,,,,,,
Metal Gear Solid Remake?,1,https://youtube.com/watch?v=Yw4MZp1VuWo,Metal Gear Solid Remake? - The Last of Us 2023 & MORE..,https://store.steampowered.com/app/2417610,2417610,$69.99,"Action, Adventure","Single-player, Multi-player, PvP, Online PvP, Steam Achievements, Full controller support, Steam Trading Cards, Adjustable Text Size, Camera Comfort, Color Alternatives, Custom Volume Controls, Adjustable Difficulty, Playable without Timed Input, Stereo Sound, Subtitle Options, Surround Sound, Steam Cloud, HDR available, Family Sharing",KONAMI,KONAMI,AAA,Unsupported,"Aug 28, 2025","11,501 reviews",,"A remake of the 2004 game METAL GEAR SOLID 3: SNAKE EATER, with the same gripping story and engrossing world, now with all new graphics and 3D audio that enhance the jungle atmosphere. Get ready for t",Windows
Why do I keep coming back to this game,1,https://youtube.com/watch?v=0phnm2ZhmaE,Why do I keep coming back to this game..,,,,,,,,,,,,,,
NEVER dump your ex-girlfriend before christmas,1,https://youtube.com/watch?v=Pco_GMX7geU,NEVER dump your ex-girlfriend before christmas..,,,,,,,,,,,,,,
I tried revisiting Demon's Souls,1,https://youtube.com/watch?v=g6VmHWqIAXw,I tried revisiting Demon's Souls..,,,,,,,,,,,,,,
These jumpscares TOOK ME OUT,1,https://youtube.com/watch?v=gYvqgATIGWc,These jumpscares TOOK ME OUT..,,,,,,,,,,,,,,
A new hyper realistic ghost horror game,1,https://youtube.com/watch?v=YXYIRo2GQ4Q,A new hyper realistic ghost horror game.. | LUTO,,,,,,,,,,,,,,
The Devil in Me ENDING,1,https://youtube.com/watch?v=-w6Sfdw78qQ,The Devil in Me ENDING - Part 5 (Good Ending),,,,,,,,,,,,,,
OK.. actually a good horror game,1,https://youtube.com/watch?v=POI3a64tvlA,OK.. actually a good horror game,,,,,,,,,,,,,,
Stuck INSIDE THE BACKROOMS,1,https://youtube.com/watch?v=XGeTmEGhrWo,Stuck INSIDE THE BACKROOMS..,,,,,,,,,,,,,,
Resident Evil 8 Village Shadows of Rose DLC ENDING,1,https://youtube.com/watch?v=rGgzTBDd0EY,Resident Evil 8 Village Shadows of Rose DLC ENDING - Part 3 - A SAD GOODBYE,,,,,,,,,,,,,,
THE DEVIL IN ME,1,https://youtube.com/watch?v=J2ymtE6wb1g,THE DEVIL IN ME,https://store.steampowered.com/app/1567020,1567020,$39.99,Adventure,"Single-player, Multi-player, Co-op, Online Co-op, Shared/Split Screen Co-op, Shared/Split Screen, Steam Achievements, Full controller support, Steam Trading Cards, Remote Play Together, Family Sharing",Supermassive Games,Bandai Namco Entertainment Europe,AAA,Verified,"Nov 17, 2022","3,441 reviews",,A group of documentary film makers receive a mysterious call inviting them to a modern-day replica of serial killer H.H. Holmes ‘Murder Castle’. But on arrival they soon discover they’re being watched,Windows
I CANT BELIEVE MY EYES,1,https://youtube.com/watch?v=QzGci1HK_bQ,I CANT BELIEVE MY EYES.. - Resident Evil 4 Remake (New Gameplay),,,,,,,,,,,,,,
They made another P.T clone,1,https://youtube.com/watch?v=IDun7Cw2EyA,They made another P.T clone,,,,,,,,,,,,,,
Never go camping in the woods at night,1,https://youtube.com/watch?v=VPfYMEMdJMc,Never go camping in the woods at night,,,,,,,,,,,,,,
Exploring an abandoned ghost ship,1,https://youtube.com/watch?v=BiIHbasYGFM,Exploring an abandoned ghost ship..,,,,,,,,,,,,,,
GRANDMA HORROR,1,https://youtube.com/watch?v=50m-rEBVe20,GRANDMA HORROR | Again and Again,,,,,,,,,,,,,,
SHE'S WAITING IN THE BASEMENT,1,https://youtube.com/watch?v=NG_jZobXMPU,SHE'S WAITING IN THE BASEMENT.. | Again and Again,,,,,,,,,,,,,,
This game needs to CHILL,1,https://youtube.com/watch?v=IMl2VFuV1YQ,This game needs to CHILL.. | Home Sweet Home - Ending,,,,,,,,,,,,,,
HIDE AND SEEK,1,https://youtube.com/watch?v=8d4Kl2iosqA,HIDE AND SEEK | Home Sweet Home - Part 3,https://store.steampowered.com/app/2247670,2247670,$4.99,"Action, Indie, Massively Multiplayer","Single-player, Multi-player, PvP, Online PvP, Co-op, Online Co-op, Steam Achievements, Full controller support, Family Sharing",HIDY GAME,HIDY GAME,Indie,Unknown,"Mar 29, 2024",No reviews,,"This is a very fun, fast, and simple game that can be played by both adults and children. In this game, there are two teams, one of which hides, while the other seeks.",Windows
THE CABIN IN THE WOODS,1,https://youtube.com/watch?v=oNAHO0w3Gz0,THE CABIN IN THE WOODS | Home Sweet Home - Part 2,,,,,,,,,,,,,,
PSYCHOLOGICAL THAI HORROR,1,https://youtube.com/watch?v=2BX7kEEgGTU,PSYCHOLOGICAL THAI HORROR | Home Sweet Home,,,,,,,,,,,,,,
Night at the Gates of Hell,1,https://youtube.com/watch?v=Y4uZQRTe1lg,Night at the Gates of Hell,https://store.steampowered.com/app/2026870,2026870,$11.99,Action,"Single-player, Steam Achievements, Full controller support, Family Sharing","Black Eyed Priest, Henry Hoare",Torture Star Video,Indie,Playable,"Sep 14, 2022",771 reviews,,"From the sick mind behind Bloodwash, Jordan King, comes his latest experiment in terror. Inspired by the Italian zombie flicks from Lucio Fulci and Bruno Mattei, Night of the Gates of Hell promises to",Windows
Welcome to SCORN,1,https://youtube.com/watch?v=vpAsgkaScug,Welcome to SCORN,,,,,,,,,,,,,,
The Haunting of Hotel Greenwood,1,https://youtube.com/watch?v=65lZO_ICpaw,The Haunting of Hotel Greenwood,,,,,,,,,,,,,,
The Radio Station,1,https://youtube.com/watch?v=HQrhp8x2OmI,The Radio Station | 深夜放送,https://store.steampowered.com/app/1744910,1744910,$4.99,"Adventure, Casual, Indie, Simulation","Single-player, Steam Achievements, Family Sharing",Chilla's Art,Chilla's Art,Indie,Unknown,"Oct 30, 2021",454 reviews,,The Radio Station | 深夜放送 is a Japanese psychological horror game.,Windows
ULTRA REALISTIC HORROR,1,https://youtube.com/watch?v=aRBUF7PKNyk,ULTRA REALISTIC HORROR | The Complex: Found Footage,,,,,,,,,,,,,,
YEAH.. absolutely not,1,https://youtube.com/watch?v=AYHiToHo8EY,YEAH.. absolutely not | The Bridge Curse Road to Salvation (ENDING),,,,,,,,,,,,,,
HER GHOST IS HERE,1,https://youtube.com/watch?v=G-ptTUmvVls,HER GHOST IS HERE | The Bridge Curse Road to Salvation - Part 2,,,,,,,,,,,,,,
A NEW TAIWANESE HORROR GAME,1,https://youtube.com/watch?v=6GVeKSTQ9Cw,A NEW TAIWANESE HORROR GAME.. | The Bridge Curse Road to Salvation,,,,,,,,,,,,,,
DEAD ISLAND 2 GAMEPLAY,1,https://youtube.com/watch?v=xHuL6OJrEqo,DEAD ISLAND 2 GAMEPLAY,,,,,,,,,,,,,,
The Mandela Catalogue,1,https://youtube.com/watch?v=ipeMlJMzXd4,The Mandela Catalogue.,,,,,,,,,,,,,,
The Floor is Breathing,1,https://youtube.com/watch?v=gmOs-TIdrFY,The Floor is Breathing,,,,,,,,,,,,,,
Careful driving through this village alone at night,1,https://youtube.com/watch?v=MNn-qFN-zwo,Careful driving through this village alone at night | BEWARE,,,,,,,,,,,,,,
GRANDMA.. put the knife down,1,https://youtube.com/watch?v=SA7UgZqMJPA,GRANDMA.. put the knife down | The Mortuary Assistant,,,,,,,,,,,,,,
I don’t want to work here anymore,1,https://youtube.com/watch?v=XoZ1TSP7ERA,I don’t want to work here anymore.. | The Mortuary Assistant,,,,,,,,,,,,,,
i played 3 random horror games,1,https://youtube.com/watch?v=yDNnw6iwtkg,i played 3 random horror games..,,,,,,,,,,,,,,
The Last of Us Remake PS5,1,https://youtube.com/watch?v=z3O1WXC19cs,The Last of Us Remake PS5  - NEW GAMEPLAY,https://store.steampowered.com/app/1888930,1888930,$59.99,"Action, Adventure","Single-player, Steam Achievements, Full controller support, Steam Trading Cards, Adjustable Text Size, Camera Comfort, Color Alternatives, Custom Volume Controls, Adjustable Difficulty, Narrated Game Menus, Save Anytime, Stereo Sound, Subtitle Options, Surround Sound, Steam Cloud, Remote Play on TV, Family Sharing","Naughty Dog LLC, Iron Galaxy Studios",PlayStation Publishing LLC,AAA,Verified,"Mar 28, 2023","60,286 reviews",,"Discover the award-winning game that inspired the critically acclaimed television show. Guide Joel and Ellie through a post-apocalyptic America, and encounter unforgettable allies and enemies in The L",Windows
MADiSON,1,https://youtube.com/watch?v=psky3TI97_s,MADiSON - Full Game Walkthrough in 4K,https://store.steampowered.com/app/1670870,1670870,$34.99,"Action, Adventure, Indie, Simulation","Single-player, Steam Achievements, Full controller support, Steam Cloud, Family Sharing",BLOODIOUS GAMES,BLOODIOUS GAMES,AA,Verified,"Jul 7, 2022","2,870 reviews",,"MADiSON is a first person psychological horror game that delivers an immersive and terrifying experience. With the help of an instant camera, connect the human world with the beyond, take pictures and",Windows
Blue Knees is REAL,1,https://youtube.com/watch?v=ZOOA3SP1RWg,Blue Knees is REAL - MADiSON - Part 4 (ENDING),,,,,,,,,,,,,,
The 4 Sacrifices,1,https://youtube.com/watch?v=Ug51zXmF0eE,The 4 Sacrifices - MADiSON - Part 3,,,,,,,,,,,,,,
I'm actually PANICKING right now,1,https://youtube.com/watch?v=yTZCt0wZXp8,I'm actually PANICKING right now.. - MADiSON - Part 2,,,,,,,,,,,,,,
YUP.. This game is terrifying,1,https://youtube.com/watch?v=K-iSgLeyfxw,YUP.. This game is terrifying - MADiSON - Part 1,,,,,,,,,,,,,,
THEY MADE A NEW SPONGEBOB HORROR GAME,1,https://youtube.com/watch?v=-BMcTT49IZM,THEY MADE A NEW SPONGEBOB HORROR GAME - The True Ingredients,,,,,,,,,,,,,,
im never playing VHS horror games again,1,https://youtube.com/watch?v=Yok4OAYujkw,im never playing VHS horror games again,,,,,,,,,,,,,,
RESIDENT EVIL 3 REMAKE PS5,1,https://youtube.com/watch?v=OceoQsH862o,RESIDENT EVIL 3 REMAKE PS5 Full Game Walkthrough - 4K 60FPS RAY TRACING,,,,,,,,,,,,,,
RESIDENT EVIL 2 REMAKE PS5,1,https://youtube.com/watch?v=VZCWTQ1B2J8,RESIDENT EVIL 2 REMAKE PS5  - 4K 60FPS RAY TRACING GAMEPLAY,,,,,,,,,,,,,,
THE LAST OF US REMAKE.. (PS5),1,https://youtube.com/watch?v=VZK6XdCLl90,THE LAST OF US REMAKE.. (PS5),,,,,,,,,,,,,,
Something is hiding inside these tunnels,1,https://youtube.com/watch?v=RPFbcKcVPiw,Something is hiding inside these tunnels,,,,,,,,,,,,,,
THE SCARIEST GAME OF 2022,1,https://youtube.com/watch?v=qew2O7Rxp3Q,THE SCARIEST GAME OF 2022 - The Backrooms 1998,,,,,,,,,,,,,,
NEW THE CALLISTO PROTOCOL GAMEPLAY (PS5),1,https://youtube.com/watch?v=GqoWMJi9pjs,NEW THE CALLISTO PROTOCOL GAMEPLAY (PS5),,,,,,,,,,,,,,
NEW RESIDENT EVIL 4 REMAKE (PS5),1,https://youtube.com/watch?v=lbOsgRKLYGw,NEW RESIDENT EVIL 4 REMAKE (PS5),,,,,,,,,,,,,,
she wont leave me alone,1,https://youtube.com/watch?v=P9OnKBFN7Dk,she wont leave me alone.. | Layers of Fear Ending,,,,,,,,,,,,,,
a PSYCHEDELIC horror game,1,https://youtube.com/watch?v=szcrvpN1yv4,a PSYCHEDELIC horror game | Layers of Fear - Part 1,,,,,,,,,,,,,,
he is hiding in my house,1,https://youtube.com/watch?v=cN8NpLhqsFw,he is hiding in my house..,,,,,,,,,,,,,,
YEAH.. this game was a bad idea,1,https://youtube.com/watch?v=51d4dgDHERE,YEAH.. this game was a bad idea | Within Skerry,,,,,,,,,,,,,,
Why do i keep playing these games,1,https://youtube.com/watch?v=3kXa1Z5Wa-o,Why do i keep playing these games.. | The Open House,,,,,,,,,,,,,,
MOMMY LONG LEGS WANTS TO PLAY,1,https://youtube.com/watch?v=YPI3EloXqb0,MOMMY LONG LEGS WANTS TO PLAY | Poppy Playtime (Chapter 2),,,,,,,,,,,,,,
WARNING: this kids game is cursed,1,https://youtube.com/watch?v=S_-lznwB0FQ,WARNING: this kids game is cursed..,,,,,,,,,,,,,,
I Paid $3 For This Horror Game,1,https://youtube.com/watch?v=ORkOf02j1So,I Paid $3 For This Horror Game | The Night of the Scissors,,,,,,,,,,,,,,
never working The Closing Shift,1,https://youtube.com/watch?v=dBCC7r701V8,never working The Closing Shift..,,,,,,,,,,,,,,
A World War Horror Game,1,https://youtube.com/watch?v=PlJ-Jdx-TY0,A World War Horror Game,,,,,,,,,,,,,,
A PUPPET HORROR,1,https://youtube.com/watch?v=7jK0UMOcO0o,A PUPPET HORROR - My Friendly Neighborhood,,,,,,,,,,,,,,
The Smiling Man,1,https://youtube.com/watch?v=Ag1qKADQatc,The Smiling Man.,,,,,,,,,,,,,,
THE WOLF AMONG US 2,1,https://youtube.com/watch?v=g76MLJI6xIA,THE WOLF AMONG US 2..,,,,,,,,,,,,,,
DYING LIGHT 2 PS5 Collectors Edition Unboxing,1,https://youtube.com/watch?v=WHdjWiht110,DYING LIGHT 2 PS5 Collectors Edition Unboxing,,,,,,,,,,,,,,
so.. played the BACKROOMS GAME,1,https://youtube.com/watch?v=y0Lf76NujA4,so.. played the BACKROOMS GAME..,,,,,,,,,,,,,,
Dying Light: The Following Ending,1,https://youtube.com/watch?v=zW_UdV9lr-w,Dying Light: The Following Ending - PLEASE DONT END LIKE THIS.. 😢,,,,,,,,,,,,,,
Broken Veil,1,https://youtube.com/watch?v=LL4uaOZ1l0o,Broken Veil - Absolutely Creepy,https://store.steampowered.com/app/1587600,1587600,,"Action, Adventure, Indie","Single-player, Partial Controller Support, Family Sharing",Sinistrum Games,Sinistrum Games,Indie,Unknown,To be announced,No reviews,,Broken Veil is a puzzle platformer with horror elements. Experience a post-soviet provincial Russian town through the eyes of a young boy and help him search through the faceless crowd for the most im,Windows
The Backrooms Found Footage is TERRIFYING,1,https://youtube.com/watch?v=RXI-G64NQ3E,The Backrooms Found Footage is TERRIFYING..,,,,,,,,,,,,,,
She’s waiting for me,1,https://youtube.com/watch?v=yNGSMhQTOZw,She’s waiting for me..,,,,,,,,,,,,,,
this fan made Halloween horror game is TERRYFYING,1,https://youtube.com/watch?v=n7S16zTi8J8,this fan made Halloween horror game is TERRYFYING..,,,,,,,,,,,,,,
Im not alone down here,1,https://youtube.com/watch?v=mWtVtwt3X5A,Im not alone down here.,,,,,,,,,,,,,,
NEVER sneak into your neighbors house at night,1,https://youtube.com/watch?v=Uvy4TAj34kE,NEVER sneak into your neighbors house at night..,,,,,,,,,,,,,,
A HITCHICKING HORROR GAME,1,https://youtube.com/watch?v=ihIkwmvo0Mc,A HITCHICKING HORROR GAME.. | Fears to Fathom - Episode 2,,,,,,,,,,,,,,
the apartment,1,https://youtube.com/watch?v=428XmhEkzZc,the apartment,https://store.steampowered.com/app/752020,752020,$2.99,"Violent, Gore, Action, Adventure, Indie","Single-player, Steam Achievements, Partial Controller Support, Family Sharing",Shattered Mirror,Shattered Mirror,Indie,Unknown,"Jan 26, 2018",No reviews,,"The Apartment is a small psychological thriller. Interesting mix of first person detective adventure game, puzzle solving, psychological horror and FPS action, all tied together with dark and heavy st",Windows
This park is haunted,1,https://youtube.com/watch?v=Y31A703Lwik,This park is haunted..,,,,,,,,,,,,,,
WAIT.. she's crawling at me,1,https://youtube.com/watch?v=h-Ci9OVrO80,WAIT.. she's crawling at me!,,,,,,,,,,,,,,
NEW DYING LIGHT 2 GAMEPLAY,1,https://youtube.com/watch?v=MIRiRrLGkmw,NEW DYING LIGHT 2 GAMEPLAY..,,,,,,,,,,,,,,
The Horrors Lost Tape,1,https://youtube.com/watch?v=4ElebWAQ6vo,The Horrors Lost Tape..,,,,,,,,,,,,,,
these hidden police tapes are terrifying,1,https://youtube.com/watch?v=xIkR0UK3SCc,these hidden police tapes are terrifying | Maple County,,,,,,,,,,,,,,
GREAT.. a new psycological horror game,1,https://youtube.com/watch?v=III0_L1NBiE,GREAT.. a new psycological horror game,,,,,,,,,,,,,,
Alan Wake Remastered Ending,1,https://youtube.com/watch?v=sivCYD3YTcE,Alan Wake Remastered Ending - Part 6 - BIGGEST PLOT TWIST EVER..,,,,,,,,,,,,,,
House of Ashes Ending,1,https://youtube.com/watch?v=vDLml5tambY,House of Ashes Ending - Part 4 - IT ALL MAKES SENSE NOW..,,,,,,,,,,,,,,
working the nightshift at a MORGUE,1,https://youtube.com/watch?v=sieczJHSlGQ,working the nightshift at a MORGUE..,,,,,,,,,,,,,,
BRO.. im tired of screaming,1,https://youtube.com/watch?v=fYj5iyIizjA,BRO.. im tired of screaming - Project Nightmares - ENDING,,,,,,,,,,,,,,
KING OF HORROR,1,https://youtube.com/watch?v=EHN3poJRPxg,KING OF HORROR.. | Project Nightmares - Part 2,,,,,,,,,,,,,,
WHY DID YOU TELL ME TO PLAY THIS,1,https://youtube.com/watch?v=wn8XnDnTvvU,WHY DID YOU TELL ME TO PLAY THIS.. | Project Nightmares - Part 1,,,,,,,,,,,,,,
Investigating a psychiatric hospital,1,https://youtube.com/watch?v=ncQixVkRyd0,Investigating a psychiatric hospital..,,,,,,,,,,,,,,
THIS TOY WANTS TO KILL ME,1,https://youtube.com/watch?v=IjGex7SroCY,THIS TOY WANTS TO KILL ME | Poppy Playtime (Chapter 1),,,,,,,,,,,,,,
a new photorealistic horror game,1,https://youtube.com/watch?v=tXn3wXxeuQQ,a new photorealistic horror game..,,,,,,,,,,,,,,
Dead Island Riptide,1,https://youtube.com/watch?v=5eSjzjzTVzM,Dead Island Riptide - Part 2 - THE CLAWS,https://store.steampowered.com/app/383180,383180,$19.99,Action,"Single-player, Multi-player, Co-op, Online Co-op, Steam Achievements, Full controller support, Steam Trading Cards, Captions available, Steam Cloud, Stats, Family Sharing",Techland,Deep Silver,AAA,Verified,"May 31, 2016","5,921 reviews",,"Welcome to the zombie apocalypse experience of a lifetime – more beautiful than ever. Caught in an epic zombie outbreak on the tropical island of Banoi, your only thought is: Survive!","Windows, Linux"
I remember this dream,1,https://youtube.com/watch?v=EsGv3Rdw9ik,I remember this dream.,,,,,,,,,,,,,,
Mom died here,1,https://youtube.com/watch?v=42eX_WnQStE,Mom died here..,,,,,,,,,,,,,,
IM ACTUALLY BEING CHASED BY MAN EATING MONKEYS,1,https://youtube.com/watch?v=_bbLXfcKmj8,IM ACTUALLY BEING CHASED BY MAN EATING MONKEYS | Dark Deception,,,,,,,,,,,,,,
OKAY..this games is disturbing,1,https://youtube.com/watch?v=KoQA4b_y04E,OKAY..this games is disturbing,,,,,,,,,,,,,,
Dead Island Riptide: 8 YEARS LATER,1,https://youtube.com/watch?v=l9D0Bo5c2EY,Dead Island Riptide: 8 YEARS LATER..,,,,,,,,,,,,,,
Why did they make this game,1,https://youtube.com/watch?v=ntkf_ODvvnc,Why did they make this game..,,,,,,,,,,,,,,
BRO.. McDonalds has a horror game,1,https://youtube.com/watch?v=f49lpVHz8tY,BRO.. McDonalds has a horror game,,,,,,,,,,,,,,
NEVER move in with a roomate,1,https://youtube.com/watch?v=iTF8jQ_Xu5U,NEVER move in with a roomate..,,,,,,,,,,,,,,
Nah.. she tweakin,1,https://youtube.com/watch?v=rXFnchMtfto,Nah.. she tweakin,,,,,,,,,,,,,,
IM TRAPPED IN A LAUNDRY WITH A SERIAL KILLER • Bloodwash,1,https://youtube.com/watch?v=Tc-F-OL5X5o,IM TRAPPED IN A LAUNDRY WITH A SERIAL KILLER • Bloodwash,,,,,,,,,,,,,,
Im being stalked by a KIDNAPPER,1,https://youtube.com/watch?v=ozyuAVw4So0,Im being stalked by a KIDNAPPER,,,,,,,,,,,,,,
THE RIVERSIDE INCIDENT,1,https://youtube.com/watch?v=edOEjtG7-P4,THE RIVERSIDE INCIDENT.,,,,,,,,,,,,,,
This zombie survival game is actually FREE,1,https://youtube.com/watch?v=2BTE1ATUwEs,This zombie survival game is actually FREE..,,,,,,,,,,,,,,
THE DEVIL LIVES HERE,1,https://youtube.com/watch?v=zItdZNyczC0,THE DEVIL LIVES HERE..,,,,,,,,,,,,,,
The most uncomfortable horror experience,1,https://youtube.com/watch?v=yPA3ezcuH6s,The most uncomfortable horror experience.,,,,,,,,,,,,,,
Working the nightshift at a haunted SECURITY BOOTH,1,https://youtube.com/watch?v=f2ig09OqhLY,Working the nightshift at a haunted SECURITY BOOTH,,,,,,,,,,,,,,
This game was banned from the internet,1,https://youtube.com/watch?v=kWAi-d2k5kM,This game was banned from the internet..,,,,,,,,,,,,,,
House of Ashes is SO GOOD,1,https://youtube.com/watch?v=WtrIEgZH_g0,House of Ashes is SO GOOD..,,,,,,,,,,,,,,
HORROR REALISM,1,https://youtube.com/watch?v=4xLbKYfp7jM,HORROR REALISM..,,,,,,,,,,,,,,
THEY PAID ME $500 TO ENTER THIS INSANE ASYLUM,1,https://youtube.com/watch?v=Yq65cF5nVZI,THEY PAID ME $500 TO ENTER THIS INSANE ASYLUM..,,,,,,,,,,,,,,
Error 54,1,https://youtube.com/watch?v=kvGzq-8zQnQ,Error 54,,,,,,,,,,,,,,
KING OF JUMPSCARES,1,https://youtube.com/watch?v=NrycAv07AC0,KING OF JUMPSCARES,,,,,,,,,,,,,,
WHY DID YOU GUYS TELL ME TO PLAY THIS GAME,1,https://youtube.com/watch?v=n80vxAXHEro,WHY DID YOU GUYS TELL ME TO PLAY THIS GAME!!!,,,,,,,,,,,,,,
PLEASE DONT TURN AROUND,1,https://youtube.com/watch?v=NMZhPVG0xB4,PLEASE DONT TURN AROUND.,,,,,,,,,,,,,,
Photorealistic horror,1,https://youtube.com/watch?v=Nk3e4hyRcHI,Photorealistic horror,,,,,,,,,,,,,,
WHATS INSIDE THE BASEMENT,1,https://youtube.com/watch?v=GFQZuwmN_XU,WHATS INSIDE THE BASEMENT | Besöket,,,,,,,,,,,,,,
SHE WONT LET ME LEAVE,1,https://youtube.com/watch?v=j_XjmawYp_I,SHE WONT LET ME LEAVE..,,,,,,,,,,,,,,
I DONT WANT TO WORK HERE ANYMORE,1,https://youtube.com/watch?v=7P7RCP8NlZw,I DONT WANT TO WORK HERE ANYMORE.,,,,,,,,,,,,,,
Going into a haunted mineshaft but now I cant get out,1,https://youtube.com/watch?v=_0uF5pkw83Y,Going into a haunted mineshaft but now I cant get out..,,,,,,,,,,,,,,
Never working The Night Shift again,1,https://youtube.com/watch?v=dF7Eo06QD54,Never working The Night Shift again..,,,,,,,,,,,,,,
This Ending Just Melted My Brain,1,https://youtube.com/watch?v=qjdkZ3y98rs,This Ending Just Melted My Brain | Soma - Part 4 (ENDING),,,,,,,,,,,,,,
The House in the Woods,1,https://youtube.com/watch?v=poDNi0YRwzQ,The House in the Woods..,,,,,,,,,,,,,,
Never go to the park alone at night,1,https://youtube.com/watch?v=_OjYJ3mHPsQ,Never go to the park alone at night..,,,,,,,,,,,,,,
I bought a new house BUT SHE LIVES HERE,1,https://youtube.com/watch?v=2Qy_CibjD68,I bought a new house BUT SHE LIVES HERE,,,,,,,,,,,,,,
This All Makes Sense Now,1,https://youtube.com/watch?v=WQFa61hoJJ8,This All Makes Sense Now.. | Soma - Part 3,,,,,,,,,,,,,,
i quit,1,https://youtube.com/watch?v=mMGpRokuMU0,i quit.,https://store.steampowered.com/app/2255970,2255970,$14.99,"Adventure, Casual, RPG","Single-player, Family Sharing",地蔵サバイバルナイト,Hanabi Games,Indie,Playable,"Jun 9, 2023",No reviews,,"Demon King Nacht's castle has been attacked! In order to find out who was behind the attack, Nacht used her ability to go back in time. After one investigation, Nahat found that things were not simple",Windows
"Be Quiet, Dont Look At It",1,https://youtube.com/watch?v=gJj-tgXgq7A,"Be Quiet, Dont Look At It | Soma - Part 2",,,,,,,,,,,,,,
an alien abduction horror game,1,https://youtube.com/watch?v=EnNvF53s5bg,an alien abduction horror game..,,,,,,,,,,,,,,
my first time playing SIREN HEAD,1,https://youtube.com/watch?v=vuRfcVu25Ps,my first time playing SIREN HEAD,,,,,,,,,,,,,,
NEW BACK 4 BLOOD CAMPAIGN GAMEPLAY,1,https://youtube.com/watch?v=hWWeN-5uORY,NEW BACK 4 BLOOD CAMPAIGN GAMEPLAY,,,,,,,,,,,,,,
the scariest 10 minutes,1,https://youtube.com/watch?v=xC4dBMTURII,the scariest 10 minutes..,,,,,,,,,,,,,,
Soma: 6 YEARS LATER,1,https://youtube.com/watch?v=je6azAd9qUU,Soma: 6 YEARS LATER..,,,,,,,,,,,,,,
I PAID $2 for this horror game,1,https://youtube.com/watch?v=BpDwYS4fcd0,I PAID $2 for this horror game..,,,,,,,,,,,,,,
IM SORRY.. but i cant keep doing this,1,https://youtube.com/watch?v=u_GQQG5YVhc,IM SORRY.. but i cant keep doing this,,,,,,,,,,,,,,
HE LOCKED ME IN HIS BASEMENT,1,https://youtube.com/watch?v=JV-mwUFOWII,HE LOCKED ME IN HIS BASEMENT..,,,,,,,,,,,,,,
Dead Space 2: 10 YEARS LATER,1,https://youtube.com/watch?v=2N_WM9BwKn4,Dead Space 2: 10 YEARS LATER..,,,,,,,,,,,,,,
PARANORMAL ACTIVITY CAUGHT ON CAMERA,1,https://youtube.com/watch?v=rZ3aLYGd2Eo,PARANORMAL ACTIVITY CAUGHT ON CAMERA | Summer of 58,,,,,,,,,,,,,,
THIS GAME RUINED ME,1,https://youtube.com/watch?v=YUN5WV5lbZQ,THIS GAME RUINED ME | The Convenience Store,,,,,,,,,,,,,,
DEAD SPACE REMAKE,1,https://youtube.com/watch?v=ykndrD2W-U0,DEAD SPACE REMAKE..,,,,,,,,,,,,,,
The New Japanese Psycohological Horror Game,1,https://youtube.com/watch?v=zjVbTzbwexQ,The New Japanese Psycohological Horror Game..,,,,,,,,,,,,,,
A HOME INVASION HORROR GAME,1,https://youtube.com/watch?v=IcjVi34Cjys,A HOME INVASION HORROR GAME.. | Fears to Fathom - Episode 1,,,,,,,,,,,,,,
New Dying Light 2,1,https://youtube.com/watch?v=g8tIXxyHpS8,New Dying Light 2 Gameplay LOOKS TERRIFYING..,,,,,,,,,,,,,,
DYING LIGHT 2 NEW GAMEPLAY,1,https://youtube.com/watch?v=SghY-XsuOZU,DYING LIGHT 2 NEW GAMEPLAY..,,,,,,,,,,,,,,
The Last Of Us 2: Enhanced,1,https://youtube.com/watch?v=9Wyw8C5ScoE,The Last Of Us 2: Enhanced - 60 FPS GAMEPLAY (PS5),,,,,,,,,,,,,,
Dead Space: 13 YEARS LATER,1,https://youtube.com/watch?v=AOl0pz9hQng,Dead Space: 13 YEARS LATER..,,,,,,,,,,,,,,
Returnal,1,https://youtube.com/watch?v=Z4luAGA_l9k,Returnal - Part 7 - THE ASTRONAUT (Creepy),https://store.steampowered.com/app/1649240,1649240,$59.99,Action,"Single-player, Multi-player, Co-op, Online Co-op, Steam Achievements, Full controller support, Adjustable Text Size, Camera Comfort, Color Alternatives, Custom Volume Controls, Save Anytime, Stereo Sound, Subtitle Options, Surround Sound, Steam Cloud, Family Sharing","Housemarque, Climax Studios",PlayStation Publishing LLC,AAA,Unsupported,"Feb 15, 2023","5,862 reviews",,BREAK THE CYCLE Fight to survive as this award-winning third-person shooter brings Selene’s story to PC. Take on roguelike challenges. Engage enemies in bullet hell-fuelled clashes. Share your journey,Windows
THE LAST SURVIVOR,1,https://youtube.com/watch?v=9yQNjmmSwTs,THE LAST SURVIVOR..,https://store.steampowered.com/app/4498860,4498860,$1.99,"RPG, Strategy","Single-player, Mouse Only Option, Playable without Timed Input, Family Sharing",HeFei Potato,HeFei Potato,Indie,Unknown,"Mar 31, 2026",No reviews,,"The Last Survivor is a serious, narrative-driven visual novel set in a sudden zombie apocalypse. You play as an ordinary high school student forced to make difficult decisions as the world collapses. ",Windows
THIS GAME REALLY JUST ENDED LIKE THIS,1,https://youtube.com/watch?v=XWUTqu47sds,THIS GAME REALLY JUST ENDED LIKE THIS - Alien Isolation - Part 10,,,,,,,,,,,,,,
THE ESCAPE,1,https://youtube.com/watch?v=ieaiqmeALTk,THE ESCAPE - Alien Isolation - Part 9,https://store.steampowered.com/app/733430,733430,$6.99,"Indie, Strategy, Early Access","Multi-player, PvP, Online PvP, Co-op, Online Co-op, Steam Achievements, Stats, Family Sharing",The Escape Team,The Escape Team,AAA,Unknown,"Dec 29, 2017",No reviews,,The Escape is a challenging online co-op strategy game for up to 4-players.,Windows
THE ALIEN NEST,1,https://youtube.com/watch?v=oz7qqf_QoYM,THE ALIEN NEST - Alien Isolation - Part 8,,,,,,,,,,,,,,
EVERYONE IS DEAD,1,https://youtube.com/watch?v=L5nfLvRyliw,EVERYONE IS DEAD - Alien Isolation - Part 7,,,,,,,,,,,,,,
THIS FLAMETHROWER CHANGES  EVERYTHING,1,https://youtube.com/watch?v=S-xHQM_SASY,THIS FLAMETHROWER CHANGES  EVERYTHING - Alien Isolation - Part 6,,,,,,,,,,,,,,
WELCOME TO PLANET ALCHERON,1,https://youtube.com/watch?v=W6ceYKk_imE,WELCOME TO PLANET ALCHERON - Alien Isolation - Part 5,,,,,,,,,,,,,,
I DONT WANT TO PLAY THIS ANYMORE,1,https://youtube.com/watch?v=3qrJUH9OXik,I DONT WANT TO PLAY THIS ANYMORE - Alien Isolation - Part 4,,,,,,,,,,,,,,
HUMAN KILLING ANDROIDS,1,https://youtube.com/watch?v=QipzJChPt6k,HUMAN KILLING ANDROIDS - Alien Isolation - Part 3,,,,,,,,,,,,,,
OKAY..HE'S ACTUALLY TERRIFYING,1,https://youtube.com/watch?v=_GqC6TMv5Oc,OKAY..HE'S ACTUALLY TERRIFYING! - Alien Isolation - Part 2,,,,,,,,,,,,,,
NEW RESIDENT EVIL 8: VILLAGE GAMEPLAY (PS5),1,https://youtube.com/watch?v=xxw2ZGcmetg,NEW RESIDENT EVIL 8: VILLAGE GAMEPLAY (PS5),,,,,,,,,,,,,,
ITS TIME,1,https://youtube.com/watch?v=6ho8OhzLfVw,ITS TIME.. - Alien Isolation - Part 1,https://store.steampowered.com/app/3545880,3545880,$2.99,"Action, Adventure, Indie","Single-player, Family Sharing",Kruix,Kruix Games,Indie,Playable,"Feb 1, 2026",No reviews,,"Its Time To Meet God is an interdimensional ray casting shooter, built from the ground up in Game Maker Studio. Fight and loot your way through interdimensional realms created by demi Gods, eldritch h",Windows
WHAT AN INCREDIBLE ENDING,1,https://youtube.com/watch?v=b_Oe0wqyF-0,WHAT AN INCREDIBLE ENDING! -  Resident Evil 7 - Part 7,,,,,,,,,,,,,,
THE DAY BEFORE,1,https://youtube.com/watch?v=AsTEabaq4Wo,THE DAY BEFORE - New Gameplay Looks Amazing..,https://store.steampowered.com/app/2234690,2234690,$8.99,"Adventure, Indie","Single-player, Steam Achievements, Family Sharing",Aequalis Studio,"Aequalis Studio, Antelus Games",Indie,Unknown,"Jan 5, 2024",No reviews,,"An adventure shattering stereotypes, a psychological experiment forcing a struggle within oneself. The tale of a girl with magical abilities who loses her beloved. Will she have a chance to turn back ",Windows
EVELINE'S CURSE 😲,1,https://youtube.com/watch?v=QmycdDMH5sY,EVELINE'S CURSE 😲 -  Resident Evil 7 - Part 6,,,,,,,,,,,,,,
THE PLOT THICKENS,1,https://youtube.com/watch?v=bJls4hUy77Y,THE PLOT THICKENS -  Resident Evil 7 - Part 5,,,,,,,,,,,,,,
HAPPY BIRTHDAY,1,https://youtube.com/watch?v=K_kCVtNbyHs,HAPPY BIRTHDAY - Resident Evil 7 - Part 4,https://store.steampowered.com/app/2847210,2847210,,"Action, Adventure, Casual, Indie, RPG","Single-player, Family Sharing",AURORA STUDIO,AURORA STUDIO,Indie,Unknown,Coming soon,No reviews,,"You will play as a simple and brave little girl, relax at your own pace, interact with the friendly people of Moon Valley, experience adventures through life and death, and finally return to the warmt",Windows
THE SCARIEST GAME OF 2021,1,https://youtube.com/watch?v=y0Chl_C7GZk,THE SCARIEST GAME OF 2021..,,,,,,,,,,,,,,
OH.. SHE NASTY,1,https://youtube.com/watch?v=s0gFi5bm2b4,OH.. SHE NASTY! - Resident Evil 7 - Part 3,,,,,,,,,,,,,,
THIS IS GETTING A LITTLE CRAZY NOW,1,https://youtube.com/watch?v=3kxfp2cTYEU,THIS IS GETTING A LITTLE CRAZY NOW - Resident Evil 7 - Part 2,,,,,,,,,,,,,,
THIS WAS A MISTAKE,1,https://youtube.com/watch?v=3pJBRH1Pl0s,THIS WAS A MISTAKE - Resident Evil 7 - Part 1,,,,,,,,,,,,,,
This game belongs in hell,1,https://youtube.com/watch?v=9v8j-3Od2f4,This game belongs in hell..,,,,,,,,,,,,,,
This was a terrible idea,1,https://youtube.com/watch?v=Vhd6fTfXdfg,This was a terrible idea..,,,,,,,,,,,,,,
Umm.. Mom?,1,https://youtube.com/watch?v=fnr2XOZ_Pfk,Umm.. Mom?,,,,,,,,,,,,,,
Bioshock Remastered,1,https://youtube.com/watch?v=1Y_SYlm4jPQ,Bioshock Remastered | Part 4 - A Theatrical Horror,https://store.steampowered.com/app/8870,8870,$29.99,Action,"Single-player, Steam Achievements, Full controller support, Steam Trading Cards, Steam Cloud, Remote Play on Tablet, Remote Play on TV, Family Sharing","Irrational Games, Virtual Programming (Linux)",2K,AA,Playable,"Mar 25, 2013","108,292 reviews",94,"Indebted to the wrong people, with his life on the line, veteran of the U.S. Cavalry and now hired gun, Booker DeWitt has only one opportunity to wipe his slate clean. He must rescue Elizabeth, a myst","Windows, Mac, Linux"
YEAH this game is cursed,1,https://youtube.com/watch?v=3VLw5yNk2GQ,YEAH this game is cursed | Find Yourself - Ending,,,,,,,,,,,,,,
I Regret Every Second of This Game,1,https://youtube.com/watch?v=CVPJPqXy3G4,I Regret Every Second of This Game.. | Find Yourself - PART 1,,,,,,,,,,,,,,
Little Nightmares 2 Ending,1,https://youtube.com/watch?v=-OavbKtK9sQ,Little Nightmares 2 Ending - Part 5 - IM IN ABSOLUTE SHOCK..,,,,,,,,,,,,,,
This New Zombie Survival Game Looks AMAZING,1,https://youtube.com/watch?v=Up5P-03YJ9M,This New Zombie Survival Game Looks AMAZING..,,,,,,,,,,,,,,
THE ENDING ILL NEVER FORGET,1,https://youtube.com/watch?v=Y0_YHsXJQI4,THE ENDING ILL NEVER FORGET | Resident Evil 4 - Part 9,,,,,,,,,,,,,,
NEW RESIDENT EVIL VILLAGE GAMEPLAY,1,https://youtube.com/watch?v=Y06xutuqnsA,NEW RESIDENT EVIL VILLAGE GAMEPLAY..,,,,,,,,,,,,,,
SALAZAR BOSS FIGHT,1,https://youtube.com/watch?v=VxWKYW8Lfgc,SALAZAR BOSS FIGHT | Resident Evil 4 - Part 8,,,,,,,,,,,,,,
This Photo Realistic Horror Game RUINED ME,1,https://youtube.com/watch?v=S-_fdpGtV_8,This Photo Realistic Horror Game RUINED ME.. | At Dead of Night,,,,,,,,,,,,,,
THE SACRIFICE,1,https://youtube.com/watch?v=x6wsdo9RERc,THE SACRIFICE | Resident Evil 4 - Part 7,https://store.steampowered.com/app/2571720,2571720,,"Adventure, Casual, Indie, Strategy","Single-player, Steam Achievements, Full controller support, Steam Cloud, Family Sharing",Welcome Back Games,Welcome Back Games,Indie,Unknown,Coming soon,No reviews,,"The Sacrifice is a turn-based sokoban puzzle game set in 17th century Salem, where you control two characters simultaneously, Sarah and the Gatekeeper. Guide them through 120 levels filled with clever","Windows, Mac, Linux"
THE SEWER BOSS,1,https://youtube.com/watch?v=7ovRA03uvlw,THE SEWER BOSS | Resident Evil 4 - Part 6,,,,,,,,,,,,,,
Dead Island Ending,1,https://youtube.com/watch?v=7NKKkhteLHw,Dead Island Ending  - Part 8 - ESCAPING THE PRISON,,,,,,,,,,,,,,
Dead Island: 9 YEARS LATER,1,https://youtube.com/watch?v=jOwQkMYrY1g,Dead Island: 9 YEARS LATER..,,,,,,,,,,,,,,
Call of Duty: Black Ops Cold War Campaign,1,https://youtube.com/watch?v=C2cuh5SEKBg,Call of Duty: Black Ops Cold War Campaign - EVIL ENDING IS DISTURBING! (PS5),,,,,,,,,,,,,,
THE SUFFERING FINALLY ENDS,1,https://youtube.com/watch?v=upBGdQQRBqw,THE SUFFERING FINALLY ENDS | Under: Depths of Fear Ending,,,,,,,,,,,,,,
ITS FINALLY HERE,1,https://youtube.com/watch?v=8hF_tXRvX00,ITS FINALLY HERE | Under: Depths of Fear,,,,,,,,,,,,,,
Little Hope Ending,1,https://youtube.com/watch?v=lE8AiXyFS-8,Little Hope Ending - Part 4 - NOBODY EXPECTED THIS.. (OMG),,,,,,,,,,,,,,
ESCAPE,1,https://youtube.com/watch?v=Ko3ibR1w8j8,ESCAPE | Resident Evil 4 - Part 5,https://store.steampowered.com/app/3932890,3932890,$49.99,"Action, Massively Multiplayer, RPG, Simulation","Multi-player, MMO, PvP, Online PvP, Co-op, Online Co-op, Steam Achievements, Steam Trading Cards, In-App Purchases, Camera Comfort, Color Alternatives, Custom Volume Controls, Playable without Timed Input, Stereo Sound, Surround Sound",Battlestate Games,Battlestate Games,AA,Unsupported,"Nov 15, 2025","43,586 reviews",,"Escape from Tarkov is the original extraction FPS where every raid is a gamble with death. Prep your raid, bleed, endure and fight through ruthless PMC players and Scavs, gain tactical advantage and c",Windows
This 15 Minute Horror Game Has Taken My Soul,1,https://youtube.com/watch?v=5DnjVffnV4Y,This 15 Minute Horror Game Has Taken My Soul..,,,,,,,,,,,,,,
Amnesia: Rebirth Ending,1,https://youtube.com/watch?v=CPJhYPpn7mc,Amnesia: Rebirth Ending - Part 3 - THE SHOCKING TRUTH (Good Ending),,,,,,,,,,,,,,
The New Zombie Royale Update is PERFECT,1,https://youtube.com/watch?v=sjFkykgh894,The New Zombie Royale Update is PERFECT..,,,,,,,,,,,,,,
Ghost of Tsushima: Legends DLC,1,https://youtube.com/watch?v=32yvwrcv6kg,Ghost of Tsushima: Legends DLC - Part 2 - DEMON CROWS (New Upgrades),https://store.steampowered.com/app/3929730,3929730,Free,"Action, Adventure, Free To Play","Single-player, Multi-player, PvP, Online PvP, Co-op, Online Co-op, Downloadable Content, Steam Achievements, Full controller support, Family Sharing","Sucker Punch Productions, Nixxes Software",PlayStation Publishing LLC,AAA,Unknown,"Oct 27, 2025",No reviews,,"Play the cooperative multiplayer experience inspired by Japanese folk tales and mythology.Choose from four classes – Samurai, Hunter, Ronin or Assassin – and play with friends or via online matchmakin",Windows
THE MOST AGGRESSIVE HORROR GAME,1,https://youtube.com/watch?v=HLox7SZG200,THE MOST AGGRESSIVE HORROR GAME - Sign of Silence,,,,,,,,,,,,,,
A HAUNTED SHIP HORROR GAME,1,https://youtube.com/watch?v=IRGVssMsfp0,A HAUNTED SHIP HORROR GAME - Under,,,,,,,,,,,,,,
Heavy Rain,1,https://youtube.com/watch?v=ILmMBuZKeWs,Heavy Rain - Part 5 - CAPTURED BY CREEPY OLD MAN,https://store.steampowered.com/app/960910,960910,$19.99,"Action, Adventure","Single-player, Steam Achievements, Full controller support, Steam Trading Cards, Steam Cloud, Family Sharing",Quantic Dream,Quantic Dream,AAA,Verified,"Jun 18, 2020","23,034 reviews",75,"Experience a gripping psychological thriller filled with innumerable twists and turns. The hunt is on for a murderer known only as the Origami Killer. Four characters, each following their own leads, ",Windows
HUNTING A GHOST,1,https://youtube.com/watch?v=rJ-a9N2CVX4,HUNTING A GHOST! - Phasmophbia (Horrifying),,,,,,,,,,,,,,
The Black Ops Cold War Zombies Reveal Looks INCREDIBLE,1,https://youtube.com/watch?v=0ULhboeICMI,The Black Ops Cold War Zombies Reveal Looks INCREDIBLE..,,,,,,,,,,,,,,
Working overnight at a morgue,1,https://youtube.com/watch?v=Fa5zqGJzJRw,Working overnight at a morgue..,,,,,,,,,,,,,,
I tried this psychological horror game,1,https://youtube.com/watch?v=KSWCCHT0rOA,I tried this psychological horror game..,,,,,,,,,,,,,,
ZOMBIE WOLVERINE BOSS,1,https://youtube.com/watch?v=ZauGZSBLZFs,ZOMBIE WOLVERINE BOSS | Resident Evil 4 - Part 4,,,,,,,,,,,,,,
SUMMONING CTHULHU in a Lovecraftian Horror Game,1,https://youtube.com/watch?v=P2C7KZJc54E,SUMMONING CTHULHU in a Lovecraftian Horror Game | The Shore,,,,,,,,,,,,,,
IM GOING TO CRY,1,https://youtube.com/watch?v=GBbS8zCX69Q,IM GOING TO CRY - Crash Bandicoot 4: Its About Time,,,,,,,,,,,,,,
BABYSITTING A DEMON BABY,1,https://youtube.com/watch?v=FX6WUlqQiCs,BABYSITTING A DEMON BABY! - The Baby in Yellow,,,,,,,,,,,,,,
THIS BOSS GAVE ME NIGHTMARES,1,https://youtube.com/watch?v=6Sc8fy1TwV8,THIS BOSS GAVE ME NIGHTMARES! | Resident Evil 4 - Part 3,,,,,,,,,,,,,,
SCARIEST GAME OF 2020,1,https://youtube.com/watch?v=YIuKY9OSZIc,SCARIEST GAME OF 2020..,,,,,,,,,,,,,,
EL GIGANTE BOSS 😱,1,https://youtube.com/watch?v=91jt1DeqcmE,EL GIGANTE BOSS 😱 | Resident Evil 4 - Part 2,,,,,,,,,,,,,,
Resident Evil 4: 15 YEARS LATER,1,https://youtube.com/watch?v=tJ4RECOqUX4,Resident Evil 4: 15 YEARS LATER..,,,,,,,,,,,,,,
THE GUY EVERYONE IS TERRIFIED OF,1,https://youtube.com/watch?v=Wf_ISmeAkNc,THE GUY EVERYONE IS TERRIFIED OF - Outlast: Whistleblower Ending - Part 2,,,,,,,,,,,,,,
THE OUTBREAK BEGINS,1,https://youtube.com/watch?v=xql_SijvwqM,THE OUTBREAK BEGINS - Outlast: Whistleblower - Part 1,,,,,,,,,,,,,,
Outlast Ending,1,https://youtube.com/watch?v=Zg_L0IOStjo,Outlast Ending - Part 4 - THIS ENDING BROKE ME,,,,,,,,,,,,,,
The New Ultra Realistic Horror Game,1,https://youtube.com/watch?v=KLHvYXhT0fA,The New Ultra Realistic Horror Game..,,,,,,,,,,,,,,
IM NEVER TOUCHING THIS GAME AGAIN,1,https://youtube.com/watch?v=cMxvraQG2o8,IM NEVER TOUCHING THIS GAME AGAIN.. - House on the Hill - Part 2 (ENDING),,,,,,,,,,,,,,
ROBBING A HOUSE BUT IT WAS HAUNTED,1,https://youtube.com/watch?v=HJy6XuRroh8,ROBBING A HOUSE BUT IT WAS HAUNTED - House on The Hill - Part 1,,,,,,,,,,,,,,
Grounded,1,https://youtube.com/watch?v=MI5FbWXVh9s,Grounded - Part 4 - KILLING MY FIRST SPIDER (TERRIFYING),https://store.steampowered.com/app/962130,962130,$39.99,"Action, Adventure","Single-player, Multi-player, Co-op, Online Co-op, Full controller support, Steam Trading Cards, Steam Cloud, Remote Play on Tablet, Family Sharing",Obsidian Entertainment,Xbox Game Studios,AAA,Verified,"Sep 27, 2022","73,112 reviews",83,"The world is a vast, beautiful and dangerous place – especially when you have been shrunk to the size of an ant. Can you thrive alongside the hordes of giant insects, fighting to survive the perils of",Windows
This Photo Realistic Game is DISTURBING,1,https://youtube.com/watch?v=8A0166IOnE4,This Photo Realistic Game is DISTURBING..,,,,,,,,,,,,,,
I will now delete this game,1,https://youtube.com/watch?v=tanYr4cDSqE,I will now delete this game..,,,,,,,,,,,,,,
SHE IS LITERALLY CRAWLING and I dont know how to act,1,https://youtube.com/watch?v=I8ZC_6CLcHA,SHE IS LITERALLY CRAWLING and I dont know how to act..,,,,,,,,,,,,,,
I PLAYED A NEW PSYCHOLOGICAL HORROR GAME,1,https://youtube.com/watch?v=9z_m6XDckyg,I PLAYED A NEW PSYCHOLOGICAL HORROR GAME..,,,,,,,,,,,,,,
Saints Row The Third Remastered,1,https://youtube.com/watch?v=XW70mgyAg3A,Saints Row The Third Remastered - Part 8 - ZOMBIE OUTBREAK! 💀,https://store.steampowered.com/app/55380,55380,$14.99,Action,"Single-player, Multi-player, Co-op, Downloadable Content, Steam Achievements, Partial Controller Support, Steam Cloud, Family Sharing",Volition,Deep Silver,AAA,Unknown,"Jan 17, 2012",120 reviews,,"Professor Genki invites you to be the main contestant on Genkibowl VII! Featuring games themed by the Genki Girls Angry Tiger, Sexy Kitten and Sad Panda, see if you can beat Genkibowl and gain them an","Windows, Linux"
Resident Evil 8: Village,1,https://youtube.com/watch?v=D_5NbWV-1rU,Resident Evil 8: Village - PLAYSATION 5,,,,,,,,,,,,,,
LA NOIRE,1,https://youtube.com/watch?v=6LJi7SqfbFg,LA NOIRE - THE ABANDONED CHURCHED (CREEPY) 😳 - Part 12,https://store.steampowered.com/app/110800,110800,$19.99,"Adventure, Strategy","Single-player, Steam Achievements, Partial Controller Support","Team Bondi, Rockstar Leeds",Rockstar Games,AAA,Playable,"Nov 8, 2011","30,194 reviews",83,"In his fight to climb the ranks and do what's right, LAPD detective Cole Phelps must unravel the truth behind a string of arson attacks, conspiracies, and brutal murders, battling the L.A. underworld ",Windows
MORTAL KOMBAT 10 STORY,1,https://youtube.com/watch?v=Jf2nNoQcmSs,MORTAL KOMBAT 10 STORY - Part 4 - THIS IS DISTURBING,,,,,,,,,,,,,,
I CANT BELIEVE THIS,1,https://youtube.com/watch?v=9ECgJ97jTls,I CANT BELIEVE THIS.. | The Beast Inside ENDING - Part 10,https://store.steampowered.com/app/1822660,1822660,,"Adventure, Indie, RPG","Single-player, Steam Achievements, Full controller support, Steam Cloud, Family Sharing","WalGallen, Etherlight","WalGallen, Etherlight",Indie,Unknown,To be announced,No reviews,,A Gameboy Color and Anime inspired adventure game with RPG elements. Find magic powers on the go and obtain special ones to defeat your enemies and clear puzzle-filled dungeons in a semi-open world of,Windows
NO..NO..NO,1,https://youtube.com/watch?v=dDMXOREw8u0,NO..NO..NO!! | The Beast Inside - Part 9,https://store.steampowered.com/app/3767320,3767320,Free,"Adventure, Casual, RPG, Simulation, Free To Play","Single-player, Multi-player, Co-op, Online Co-op, Cross-Platform Multiplayer",LilliLandia Games,LilliLandia Games,Indie,Unknown,To be announced,No reviews,,"Shrink down and reimagine your desk as a whimsical world in Animula Nook, a cozy miniature life sim. Craft your homes from odds and ends, grow giant crops, style your OOTD, and explore the enchanting ",Windows
THE HAUNTED MINE CAVE,1,https://youtube.com/watch?v=NEB1HRJFmjU,THE HAUNTED MINE CAVE | The Beast Inside - Part 7,,,,,,,,,,,,,,
ITS SO GOOD,1,https://youtube.com/watch?v=dAyosIQtsu0,ITS SO GOOD! | Resident Evil 3 Remake (Full Demo),,,,,,,,,,,,,,
THIS GAME IS PLAYING WITH MY MIND,1,https://youtube.com/watch?v=v6NEmDMNoQA,THIS GAME IS PLAYING WITH MY MIND | The Beast Inside - Part 6,,,,,,,,,,,,,,
"OKAY, TOO MANY JUMPSCARES",1,https://youtube.com/watch?v=INV-OI6TRN4,"OKAY, TOO MANY JUMPSCARES | The Beast Inside - Part 5",,,,,,,,,,,,,,
THEY ARE WATCHING US,1,https://youtube.com/watch?v=SiXL7iNTUYs,THEY ARE WATCHING US | The Beast Inside - Part 4,,,,,,,,,,,,,,
THIS GAME HAS ME PARANOID,1,https://youtube.com/watch?v=W3dEyt44CZ4,THIS GAME HAS ME PARANOID! | The Beast Inside - Part 3,,,,,,,,,,,,,,
THE ABANDONED FARMHOUSE,1,https://youtube.com/watch?v=fMBsAT6ce_U,THE ABANDONED FARMHOUSE | The Beast Inside - Part 2,,,,,,,,,,,,,,
THIS GAME IS TWISTED,1,https://youtube.com/watch?v=A-MLnTL0EVM,THIS GAME IS TWISTED!! | Little Nightmares ENDING - Part 3,,,,,,,,,,,,,,
Everyone Said This Game is TERRIFYING,1,https://youtube.com/watch?v=Yy2ParDuZQM,Everyone Said This Game is TERRIFYING | The Beast Inside - Part 1,,,,,,,,,,,,,,
GOODBYE LEE 😢,1,https://youtube.com/watch?v=pj5eX86Z9sM,GOODBYE LEE 😢 | The Walking Dead Season 1 - Episode 5 ENDING (Part 2),,,,,,,,,,,,,,
Indonesian Horror Games Are Terrifying,1,https://youtube.com/watch?v=0nV2oBYg8uE,Indonesian Horror Games Are Terrifying,,,,,,,,,,,,,,
RUN RUN RUN,1,https://youtube.com/watch?v=WZFY3lD6Hwo,RUN RUN RUN! | Little Nightmares - Part 2,https://store.steampowered.com/app/1714070,1714070,$2.99,"Casual, Indie, Racing","Single-player, Multi-player, PvP, Online PvP, Co-op, Online Co-op, Family Sharing",Games Dot Value,Games Dot Value,Indie,Unknown,"Oct 12, 2021",No reviews,,"Run, jump, dodge, accumulate points or just disturb the other players, BUT RUN AWAY FROM THE CROCODILE!",Windows
LEE'S SACRIFICE,1,https://youtube.com/watch?v=JSl6kkNqFfo,LEE'S SACRIFICE | The Walking Dead Season 1 - Episode 5 (Part 1),,,,,,,,,,,,,,
THIS GAME HAS MENTALLY BROKEN ME,1,https://youtube.com/watch?v=dCRZztvN6ro,THIS GAME HAS MENTALLY BROKEN ME | Locked Up,,,,,,,,,,,,,,
THIS IS GOODBYE FOREVER,1,https://youtube.com/watch?v=uPgEAZddQwQ,THIS IS GOODBYE FOREVER | Infliction - Part 5 (ENDING),,,,,,,,,,,,,,
The Most REALISTIC Horror Game Ever,1,https://youtube.com/watch?v=dJS8v9hlk7A,The Most REALISTIC Horror Game Ever..,,,,,,,,,,,,,,
THE BEGINNING OF SOMETHING STRANGE,1,https://youtube.com/watch?v=sQl5VPoayjs,THE BEGINNING OF SOMETHING STRANGE | Little Nightmares - Part 1,,,,,,,,,,,,,,
WELCOME TO THE INSANE ASYLUM,1,https://youtube.com/watch?v=7lQk_7ofZqs,WELCOME TO THE INSANE ASYLUM | Infliction - Part 4,,,,,,,,,,,,,,
SO.. I Played a Japanese Horror Game,1,https://youtube.com/watch?v=RY3M0Jx3V_I,SO.. I Played a Japanese Horror Game,,,,,,,,,,,,,,
LEE GOT BITTEN 😢,1,https://youtube.com/watch?v=wulhVpwndpE,LEE GOT BITTEN 😢 | The Walking Dead Season 1 - Episode 4 ENDING (Part 2),,,,,,,,,,,,,,
I QUIT,1,https://youtube.com/watch?v=qshZJ4Z8cbY,I QUIT | Infliction - Part 3,https://store.steampowered.com/app/2255970,2255970,$14.99,"Adventure, Casual, RPG","Single-player, Family Sharing",地蔵サバイバルナイト,Hanabi Games,Indie,Playable,"Jun 9, 2023",No reviews,,"Demon King Nacht's castle has been attacked! In order to find out who was behind the attack, Nacht used her ability to go back in time. After one investigation, Nahat found that things were not simple",Windows
THE TITANIC BUT ITS HAUNTED,1,https://youtube.com/watch?v=j6W4ync4UdQ,THE TITANIC BUT ITS HAUNTED.. | Under,,,,,,,,,,,,,,
SHES WALKING ON WALLS,1,https://youtube.com/watch?v=84CAk3oR_6A,SHES WALKING ON WALLS!! | Infliction - Part 2,,,,,,,,,,,,,,
This Horror Game Did Things To Me I CANNOT EXPLAIN,1,https://youtube.com/watch?v=MLqZqQ1V-uA,This Horror Game Did Things To Me I CANNOT EXPLAIN.. | Infliction,,,,,,,,,,,,,,
THE BOY ZOMBIE 😢,1,https://youtube.com/watch?v=wegga5FZe0M,THE BOY ZOMBIE 😢 | The Walking Dead Season 1 - Episode 4 (Part 1),,,,,,,,,,,,,,
The New Photo Realistic HORROR GAME,1,https://youtube.com/watch?v=99rkgo0koMs,The New Photo Realistic HORROR GAME.. | Twin Soul,,,,,,,,,,,,,,
TEARS OF SADNESS 😢,1,https://youtube.com/watch?v=-k3R7Vmh5SM,TEARS OF SADNESS 😢 | The Walking Dead Season 1 - Episode 3 ENDING (Part 2),,,,,,,,,,,,,,
OUR GROUP IS FALLING APART 😢,1,https://youtube.com/watch?v=gHycGfPPhUs,OUR GROUP IS FALLING APART 😢 | The Walking Dead Season 1 - Episode 3 (Part 1),,,,,,,,,,,,,,
I HATE JUMPSCARES,1,https://youtube.com/watch?v=DQi9FfGnb9A,I HATE JUMPSCARES!! | Firewatch - Part 3,,,,,,,,,,,,,,
A VERY CREEPY ENDING,1,https://youtube.com/watch?v=A_dBFNOvugQ,A VERY CREEPY ENDING | The Walking Dead Season 1 - Episode 2 ENDING (Part 2),,,,,,,,,,,,,,
Im never playing this game again,1,https://youtube.com/watch?v=cFkKnVzLBjg,Im never playing this game again..,,,,,,,,,,,,,,
STARVING FOR FOOD,1,https://youtube.com/watch?v=UP80NLo2rUg,STARVING FOR FOOD! | The Walking Dead Season 1 - Episode 2 (Part 1),,,,,,,,,,,,,,
This Game is HILARIOUS,1,https://youtube.com/watch?v=7WqfSV5h1-s,This Game is HILARIOUS..,,,,,,,,,,,,,,
THE ENDING,1,https://youtube.com/watch?v=7_theaz-45w,THE ENDING | The Walking Dead Season 1 - Episode 1 ENDING (Part 4),https://store.steampowered.com/app/428060,428060,Free,Indie,Single-player,Millia Soft,Millia Soft,Indie,Verified,"Jan 8, 2016",No reviews,,Millia -The ending- is a visual novel made by Millia Soft using Ren'py. The game was successfully funded on kickstarter.com in early 2015.,Windows
RESCUING GLENN,1,https://youtube.com/watch?v=YF7ChArkSU0,RESCUING GLENN | The Walking Dead Season 1 - Episode 1 (Part 3),,,,,,,,,,,,,,
THE ZOMBIE ATTACK,1,https://youtube.com/watch?v=jCAEtNKB2KY,THE ZOMBIE ATTACK | The Walking Dead Season 1 - Episode 1 (Part 2),,,,,,,,,,,,,,
THIS GAME IS GETTING CREEPY,1,https://youtube.com/watch?v=WdczUDz2kUI,THIS GAME IS GETTING CREEPY - Batman: Arkham Origins - Part 9,,,,,,,,,,,,,,
8 YEARS LATER,1,https://youtube.com/watch?v=P-4T4d8V0N4,8 YEARS LATER | The Walking Dead Season 1 - Episode 1 (Part 1),,,,,,,,,,,,,,
YOUNG BATMAN IS SCARY,1,https://youtube.com/watch?v=YL8xKxI02eU,YOUNG BATMAN IS SCARY - Batman: Arkham Origins - Part 2,,,,,,,,,,,,,,
ITS REAL,1,https://youtube.com/watch?v=N1a_d-tn83o,ITS REAL! - Resident Evil 3 REMAKE Trailer Reaction,https://store.steampowered.com/app/1662510,1662510,,"Action, Adventure, Casual, Indie, RPG, Early Access","Single-player, Family Sharing",Rat Skull Media,Rat Skull Media,Indie,Unknown,To be announced,No reviews,,"A quirky RPG borne by chaos. Smith in the belly of a gored dragon! Fight a spider-tree! Mine a glyph beast to death! Switch up gear and classes in the heat of battle to fell foes. Make choices, cause ","Windows, Mac, Linux"
ZOMBIES,1,https://youtube.com/watch?v=Bz2VqtXIlKg,ZOMBIES.. | Uncharted 3 - Part 2,https://store.steampowered.com/app/1922560,1922560,$29.99,"Action, Casual, Strategy","Single-player, Multi-player, PvP, Online PvP, Co-op, Online Co-op, Steam Achievements, In-App Purchases",PopCap,Electronic Arts,AAA,Unsupported,"May 16, 2022","41,959 reviews",82,"Ready the Peashooters and prepare for the craziest, funniest shooter in the universe: Plants vs. Zombies Garden Warfare 2.",Windows
Death Stranding,1,https://youtube.com/watch?v=9YWNRt5Abac,Death Stranding - Part 12 | This Dude is CREEPY,https://store.steampowered.com/app/3280350,3280350,$69.99,"Action, Adventure","Single-player, Steam Achievements, Full controller support, Steam Cloud, HDR available, Family Sharing","KOJIMA PRODUCTIONS, Nixxes Software ","PlayStation Publishing LLC, KOJIMA PRODUCTIONS",AAA,Unknown,"Mar 19, 2026","7,714 reviews",,"Sam – with companions by his side – sets out on a new journey to save humanity from extinction. Join them as they traverse a world beset by otherworldly enemies, obstacles and a haunting question: sho",Windows
HUNTING THE CREEPY PROFESSOR PYG,1,https://youtube.com/watch?v=fk30u8SMLV8,HUNTING THE CREEPY PROFESSOR PYG! - Batman: Arkham Knight - Part 18,,,,,,,,,,,,,,
THE FUNNIEST GAME OF 2019,1,https://youtube.com/watch?v=dui_eZ55Xxk,THE FUNNIEST GAME OF 2019..,,,,,,,,,,,,,,
WORST JUMPSCARE EVER,1,https://youtube.com/watch?v=YfuCNGEF-WA,WORST JUMPSCARE EVER! - Batman: Arkham Knight - Part 5,,,,,,,,,,,,,,
GEARS 5,1,https://youtube.com/watch?v=WriY5TO97vU,GEARS 5 Walkthrough Gameplay - Part 5 - THIS IS CREEPY!,https://store.steampowered.com/app/1097840,1097840,$29.99,"Action, Adventure","Single-player, Multi-player, PvP, Online PvP, Shared/Split Screen PvP, Co-op, Online Co-op, Shared/Split Screen Co-op, Shared/Split Screen, Cross-Platform Multiplayer, Steam Achievements, Steam Trading Cards, Captions available, In-App Purchases, Partial Controller Support, Steam Cloud, Includes level editor, Family Sharing",The Coalition,Xbox Game Studios,AAA,Playable,"Sep 9, 2019","19,983 reviews",82,"From one of gaming’s most acclaimed sagas, Gears is bigger than ever. With all-out war descending, Kait Diaz breaks away to uncover her connection to the enemy and discovers the true danger to Sera – ",Windows
Man of Medan,1,https://youtube.com/watch?v=zUBhXQeLZIY,Man of Medan - ENDING,https://store.steampowered.com/app/939850,939850,$19.99,Adventure,"Single-player, Multi-player, PvP, Online PvP, Shared/Split Screen PvP, Steam Achievements, Full controller support, Steam Cloud, Remote Play on Phone, Remote Play on Tablet, Remote Play on TV, Remote Play Together, Family Sharing",Supermassive Games,BANDAI NAMCO Entertainment Europe,AAA,Unsupported,"Aug 29, 2019","8,783 reviews",75,"The Dark Pictures Anthology is a series of stand-alone, branching cinematic horror games that can also be played online with a friend. In Man of Medan, five friends set sail on a holiday diving trip t",Windows
THE GHOST SHIP,1,https://youtube.com/watch?v=Z8gNS4BHpbc,THE GHOST SHIP - Man of Medan - Part 3,https://store.steampowered.com/app/1896420,1896420,$9.99,"Action, Adventure, Strategy","Single-player, Steam Achievements, Partial Controller Support, Family Sharing","Ryan Morin, Joshua Mildenhall","Ryan Morin, Joshua Mildenhall",Indie,Unsupported,"Jun 30, 2022",No reviews,,"Psychological horror game based on an old cursed ghost ship. Navigate the town of Hollow Point, and the accursed ship while trying to keep from going insane. Run, hide, and fight your way through the ",Windows
THE JUMPSCARES DONT STOP,1,https://youtube.com/watch?v=sOnk8hb0L1o,THE JUMPSCARES DONT STOP! - Man of Medan - Part 2,,,,,,,,,,,,,,
THIS GAME IS TERRIFYING,1,https://youtube.com/watch?v=_wOvexFww_Q,THIS GAME IS TERRIFYING! - Man of Medan - Part 1,,,,,,,,,,,,,,
NEW DYING LIGHT 2,1,https://youtube.com/watch?v=qaNBgstqalg,NEW DYING LIGHT 2 Gameplay..,,,,,,,,,,,,,,
The Most Realistic HORROR GAME,1,https://youtube.com/watch?v=aQ3_JCtFaVg,The Most Realistic HORROR GAME..,,,,,,,,,,,,,,
A SAD ENDING,1,https://youtube.com/watch?v=hwvkEkCvYyk,A SAD ENDING - The Last of Us: Left Behind - The End,,,,,,,,,,,,,,
THE BEGINNING,1,https://youtube.com/watch?v=Qvw34gNQK0E,THE BEGINNING - The Last of Us: Left Behind - Part 1,https://store.steampowered.com/app/1687200,1687200,$5.99,"Action, Adventure, Indie, Strategy","Single-player, Family Sharing","game MN productions, Maximilian Nowak","game MN productions, Maximilian Nowak",Indie,Unknown,"Aug 10, 2023",No reviews,,Fate chapter 2 is a psychological horror game from the first person perspective and offers a complete story and experience. The game includes many different regions and puzzles. See you right around a,Windows
THIS ENDING WAS AMAZING😫,1,https://youtube.com/watch?v=weOi0T9-k7E,THIS ENDING WAS AMAZING😫 | The Last of Us - ENDING,,,,,,,,,,,,,,
SAVE ELLIE NO MATTER WHAT,1,https://youtube.com/watch?v=EAjab9bAN4M,SAVE ELLIE NO MATTER WHAT! | The Last of Us - Part 12,,,,,,,,,,,,,,
TAKEN 😱,1,https://youtube.com/watch?v=zHW1l7Bjzqw,TAKEN 😱 | The Last of Us - Part 11,,,,,,,,,,,,,,
THIS GAME IS PLAYING WITH MY FEELINGS 😫,1,https://youtube.com/watch?v=eTNK0Jqabik,THIS GAME IS PLAYING WITH MY FEELINGS 😫 | The Last of Us - Part 10,,,,,,,,,,,,,,
JOEL AND ELLIE FOREVER,1,https://youtube.com/watch?v=MB0PE-SdqO0,JOEL AND ELLIE FOREVER! | The Last of Us - Part 9,,,,,,,,,,,,,,
The NEW Zombie Mai Tai Camo...💀,1,https://youtube.com/watch?v=ZQgu1gxkRXo,The NEW Zombie Mai Tai Camo...💀,,,,,,,,,,,,,,
SAM'S BIT 😥,1,https://youtube.com/watch?v=DnTFtTpSCIU,SAM'S BIT 😥 | The Last of Us - Part 8,,,,,,,,,,,,,,
THE LOST ISLAND,1,https://youtube.com/watch?v=uRN8B5PyINA,THE LOST ISLAND | The Last of Us - Part 7,https://store.steampowered.com/app/3446020,3446020,$0.99,"Action, Adventure, Indie","Single-player, Family Sharing",Belal Chomany,KURDISH PROJECT,Indie,Unknown,"Feb 10, 2025",No reviews,,"A lonely warrior to find a plant, that has caused the extinction of the tribes.",Windows
ELLIE SAVES JOEL,1,https://youtube.com/watch?v=LxJThkjaP9s,ELLIE SAVES JOEL | The Last of Us - Part 6,,,,,,,,,,,,,,
IM OFFICIALLY SCARED OF THIS GAME,1,https://youtube.com/watch?v=mI5IWRz5vE8,IM OFFICIALLY SCARED OF THIS GAME | The Last of Us - Part 5,,,,,,,,,,,,,,
MY FIRST BLOATER BOSS FIGHT😱,1,https://youtube.com/watch?v=Hei_bL-eyBE,MY FIRST BLOATER BOSS FIGHT😱 | The Last of Us - Part 4,,,,,,,,,,,,,,
DEATH,1,https://youtube.com/watch?v=pUHAawbvybk,DEATH | The Last of Us - Part 3,https://store.steampowered.com/app/3280350,3280350,$69.99,"Action, Adventure","Single-player, Steam Achievements, Full controller support, Steam Cloud, HDR available, Family Sharing","KOJIMA PRODUCTIONS, Nixxes Software ","PlayStation Publishing LLC, KOJIMA PRODUCTIONS",AAA,Unknown,"Mar 19, 2026","7,714 reviews",,"Sam – with companions by his side – sets out on a new journey to save humanity from extinction. Join them as they traverse a world beset by otherworldly enemies, obstacles and a haunting question: sho",Windows
THIS GAME IS SO BEAUTIFUL,1,https://youtube.com/watch?v=6X0A6fXI-LI,THIS GAME IS SO BEAUTIFUL | The Last of Us - Part 2,,,,,,,,,,,,,,
The Last of Us: 6 YEARS LATER,1,https://youtube.com/watch?v=CNyCRI4TamE,The Last of Us: 6 YEARS LATER,,,,,,,,,,,,,,
MY NEPHEWS FIRST TIME,1,https://youtube.com/watch?v=xAzzdQUtI5c,MY NEPHEWS FIRST TIME | Five Nights at Freddy's: Help Wanted,,,,,,,,,,,,,,
PLAYING THIS WAS A MISTAKE,1,https://youtube.com/watch?v=2kyMFmPltcU,PLAYING THIS WAS A MISTAKE - Five Nights at Freddy's: Help Wanted,,,,,,,,,,,,,,
THE MOST TERRIFYING CO-OP HORROR GAME,1,https://youtube.com/watch?v=jkJZzFKY800,THE MOST TERRIFYING CO-OP HORROR GAME! | Pacify Horror Game,,,,,,,,,,,,,,
THE ABANDONED MALL,1,https://youtube.com/watch?v=5_Gr1GfACy0,THE ABANDONED MALL - World War Z Game,,,,,,,,,,,,,,
WELCOME TO RUSSIA,1,https://youtube.com/watch?v=htCy9HlSPfE,WELCOME TO RUSSIA - World War Z Game,,,,,,,,,,,,,,
NUKED ALL THE ZOMBIES,1,https://youtube.com/watch?v=WRjTSwnKQPY,NUKED ALL THE ZOMBIES! - World War Z Game,,,,,,,,,,,,,,
1 PLAYER VS 1 MILLION ZOMBIES,1,https://youtube.com/watch?v=8hu4XKUUCzs,1 PLAYER VS 1 MILLION ZOMBIES - World War Z Game,,,,,,,,,,,,,,
UNLIMITED ZOMBIES,1,https://youtube.com/watch?v=WmSVa9yoOnM,UNLIMITED ZOMBIES! - World War Z Game,,,,,,,,,,,,,,
THE ZOMBIE APOCOLYPSE IS HERE,1,https://youtube.com/watch?v=Dt_-bZ-XS_E,THE ZOMBIE APOCOLYPSE IS HERE - World War Z Game,,,,,,,,,,,,,,
My First Game on Blackout ALCATRAZ,1,https://youtube.com/watch?v=xtudIM0YqCE,My First Game on Blackout ALCATRAZ..,,,,,,,,,,,,,,
I CANT STOP CRYING,1,https://youtube.com/watch?v=lm0fESBsaaI,I CANT STOP CRYING | The Walking Dead The Final Season Episode 4 - ENDING,,,,,,,,,,,,,,
IT ALL ENDS HERE,1,https://youtube.com/watch?v=kH0CKyFm7x0,IT ALL ENDS HERE! | The Walking Dead The Final Season Episode 4 - Part 1,,,,,,,,,,,,,,
So I Played The Michael Jackson HORROR GAME,1,https://youtube.com/watch?v=mdi95J58UtA,So I Played The Michael Jackson HORROR GAME..,,,,,,,,,,,,,,
DANTE TRANSFORMS,1,https://youtube.com/watch?v=CLRDO6YAZn8,DANTE TRANSFORMS | Devil May Cry 5 - Part 6,,,,,,,,,,,,,,
SECRET ENDING / BOSS FIGHT,1,https://youtube.com/watch?v=MkjJ9C2iqfc,SECRET ENDING / BOSS FIGHT | Resident Evil 2 REMAKE - Part 7 (Claire),,,,,,,,,,,,,,
INFECTED,1,https://youtube.com/watch?v=b-A0hFJbThQ,INFECTED | Resident Evil 2 REMAKE - Part 6 (Claire),https://store.steampowered.com/app/1360000,1360000,$15.99,"Action, Casual, Indie, Simulation, Early Access","Single-player, Full controller support, Steam Cloud, Family Sharing",DigX Studios,DigX Studios,Indie,Playable,"Aug 6, 2020","6,475 reviews",,"The Infected is a sandbox, first-person, open-world survival game. Build bases, craft, farm, hunt, and survive changing seasons. Choose whether to face the hybrid “Vambies” or turn them off for a pure",Windows
THE UNDERGROUND,1,https://youtube.com/watch?v=KADKFExweyM,THE UNDERGROUND | Resident Evil 2 REMAKE - Part 5 (Claire),https://store.steampowered.com/app/513230,513230,$1.99,"Adventure, Indie","Single-player, Steam Achievements, Steam Trading Cards, Family Sharing",Mehsoft,Mehsoft,Indie,Playable,"Sep 1, 2016","1,305 reviews",,Moscow: somewhere in the near future. The city and perhaps the Earth's surface has turned into a radioactive ash. Those who decided that they could not exist in such conditions began to live under the,"Windows, Mac"
ESCAPING THE ORPHANAGE,1,https://youtube.com/watch?v=IGDJ0RMUQyQ,ESCAPING THE ORPHANAGE | Resident Evil 2 REMAKE - Part 4 (Claire),,,,,,,,,,,,,,
DAUGHTER OF A MONSTER,1,https://youtube.com/watch?v=Ul2bJM7b018,DAUGHTER OF A MONSTER! | Resident Evil 2 REMAKE - Part 2 (Claire),,,,,,,,,,,,,,
CLAIRE REDFIELD,1,https://youtube.com/watch?v=HxAhUXct1h8,CLAIRE REDFIELD | Resident Evil 2 REMAKE - Part 1 (Claire),https://store.steampowered.com/app/1295350,1295350,$2.99,Action,"Single-player, Multi-player, PvP, Online PvP, Downloadable Content, Steam Achievements, Full controller support, Steam Trading Cards, In-App Purchases, Steam Cloud, Family Sharing","CAPCOM Co., Ltd., NeoBards Entertainment Ltd.","CAPCOM Co., Ltd.",AAA,Unknown,"Aug 5, 2020",No reviews,,"This costume allows the female survivors (Valerie, January, Becca and Jill) to wear the outfit seen on Claire Redfield as she searched for her missing brother in Resident Evil 2 (2019). Costumes can b",Windows
FINAL TYRANT BOSS FIGHT,1,https://youtube.com/watch?v=R0tyFNdEp_g,FINAL TYRANT BOSS FIGHT | Resident Evil 2 REMAKE - (Leon Ending),,,,,,,,,,,,,,
FINAL G-VIRUS BOSS,1,https://youtube.com/watch?v=UHyDu9pI7TA,FINAL G-VIRUS BOSS | Resident Evil 2 REMAKE - Part 8,,,,,,,,,,,,,,
SHE WANTS IT,1,https://youtube.com/watch?v=CptCQr05J64,SHE WANTS IT.. | Resident Evil 2 REMAKE - Part 7,,,,,,,,,,,,,,
WHAT THE HECK IS THIS,1,https://youtube.com/watch?v=EzH76pky5mg,WHAT THE HECK IS THIS!! | Resident Evil 2 REMAKE - Part 6,,,,,,,,,,,,,,
CHASED BY AN ALLIGATOR,1,https://youtube.com/watch?v=VtITapT7rno,CHASED BY AN ALLIGATOR! | Resident Evil 2 REMAKE - Part 5,,,,,,,,,,,,,,
MR. X IS HERE,1,https://youtube.com/watch?v=NMbGTkhnp14,MR. X IS HERE!! | Resident Evil 2 REMAKE - Part 4,,,,,,,,,,,,,,
MY FIRST BOSS FIGHT,1,https://youtube.com/watch?v=ZuGRCUH7zFQ,MY FIRST BOSS FIGHT! | Resident Evil 2 REMAKE - Part 3,,,,,,,,,,,,,,
THE LICKER,1,https://youtube.com/watch?v=Cwh1AA7ArLA,THE LICKER | Resident Evil 2 REMAKE - Part 2,,,,,,,,,,,,,,
THE HORROR BEGINS,1,https://youtube.com/watch?v=9oVjNuD__6k,THE HORROR BEGINS | Resident Evil 2 REMAKE - Part 1,,,,,,,,,,,,,,
LEE,1,https://youtube.com/watch?v=wWfduE56AJg,LEE! | The Walking Dead The Final Season Episode 3 - ENDING,https://store.steampowered.com/app/3957470,3957470,$4.99,"Action, Adventure","Single-player, Downloadable Content, Steam Achievements, Full controller support, Tracked Controller Support, Custom Volume Controls, Playable without Timed Input, Stereo Sound, Subtitle Options, Surround Sound, Steam Cloud, Family Sharing",IO Interactive A/S,IO Interactive A/S,Indie,Unknown,"Sep 25, 2025",No reviews,,Unlock a series of cosmetics inspired by The Infiltrator Elusive Target mission and gain permanent access to The Dragon - A Two-level Arcade contract featuring The Infiltrator Elusive Target.,"Windows, Mac"
TORTURE,1,https://youtube.com/watch?v=K-pjJ9QKjXU,TORTURE! | The Walking Dead The Final Season Episode 3 - Part 1,https://store.steampowered.com/app/2027370,2027370,$4.99,Casual,"Single-player, Steam Achievements, Steam Trading Cards, Family Sharing",khukhrovr,khukhrovr,Indie,Verified,"Jun 30, 2022",No reviews,,"Ball Torture is an exciting 2D puzzle game where you control a bowling ball, trying to escape from the recycling compartment. Overcome sharp saws and other obstacles, reach 30 checkpoints, and collect",Windows
ITS TERRIFYING,1,https://youtube.com/watch?v=FViQBbldr4U,ITS TERRIFYING | Resident Evil 2 Remake Gameplay,,,,,,,,,,,,,,
THIS IS ACTUALLY CREEPY,1,https://youtube.com/watch?v=juGhH07pgMc,THIS IS ACTUALLY CREEPY | Batman Arkham Asylum - Part 6,,,,,,,,,,,,,,
WE ARE NOT WANTED HERE,1,https://youtube.com/watch?v=zaWgrL40zsA,WE ARE NOT WANTED HERE | The Forest - Part 2,,,,,,,,,,,,,,
Playing this game was a mistake,1,https://youtube.com/watch?v=scj27AMECKg,Playing this game was a mistake..,,,,,,,,,,,,,,
The Forest: 2019,1,https://youtube.com/watch?v=sVVm1l18Ce0,The Forest: 2019,,,,,,,,,,,,,,
SURVIVING THE NIGHT..| Last Year: The Nightmare,1,https://youtube.com/watch?v=eD98UDUxB8M,SURVIVING THE NIGHT..| Last Year: The Nightmare,,,,,,,,,,,,,,
"ALL WEAPON CAMOS in Call of Duty Black Ops 4 (Blackout, Multiplayer, Zombies)",1,https://youtube.com/watch?v=QlDWWOappQQ,"ALL WEAPON CAMOS in Call of Duty Black Ops 4 (Blackout, Multiplayer, Zombies)",,,,,,,,,,,,,,
NO GAME SHOULD EVER BE THIS SCARY,1,https://youtube.com/watch?v=sV1jyu7u9KM,NO GAME SHOULD EVER BE THIS SCARY | Visage,,,,,,,,,,,,,,
The Conjuring House,1,https://youtube.com/watch?v=Rt7tXgnGAnE,The Conjuring House - With My Little Nephew..,,,,,,,,,,,,,,
AN ALL OUT WAR,1,https://youtube.com/watch?v=S9NskFtZr7Y,AN ALL OUT WAR! | The Walking Dead The Final Season Episode 2 ENDING,,,,,,,,,,,,,,
CLEMENTINE'S KISS,1,https://youtube.com/watch?v=Jsw9xwFpzDw,CLEMENTINE'S KISS!! | The Walking Dead The Final Season Episode 2 - Part 2,,,,,,,,,,,,,,
THIS WONT END WELL,1,https://youtube.com/watch?v=6kQ3XRzp4g4,THIS WONT END WELL.. | The Walking Dead The Final Season Episode 2 - Part 1,,,,,,,,,,,,,,
The most terrifying game experience I've ever had,1,https://youtube.com/watch?v=GqNYs9AJjCY,The most terrifying game experience I've ever had..,,,,,,,,,,,,,,
JUMP SCARES EVERYWHERE,1,https://youtube.com/watch?v=LryGjbaHgdE,JUMP SCARES EVERYWHERE!! | Shadow of the Tomb Raider - Part 5,,,,,,,,,,,,,,
FINALLY.. Black Ops 4 Blackout Player Count Confirmed (Map Images and More),1,https://youtube.com/watch?v=o5eaaFomOi8,FINALLY.. Black Ops 4 Blackout Player Count Confirmed (Map Images and More),,,,,,,,,,,,,,
The Walking Dead: The Final Season,1,https://youtube.com/watch?v=4CYfCo3skDA,The Walking Dead: The Final Season - HOW IT BEGINS - Part 1 (Season 4),https://store.steampowered.com/app/866800,866800,$19.99,Adventure,"Single-player, Steam Achievements, Full controller support, Family Sharing",Telltale Games,Skybound Games,Indie,Verified,"Aug 13, 2018","16,988 reviews",77,"A secluded school might finally be Clementine’s chance for a home, but protecting it will mean sacrifice.",Windows
Call of Duty: Black Ops 4 BLACKOUT,1,https://youtube.com/watch?v=xoPdBTYtJ6c,Call of Duty: Black Ops 4 BLACKOUT Gameplay..,,,,,,,,,,,,,,
"""Follow The Treasure Map Found in Haunted Hills"" FORTNITE MAP LOCATION",1,https://youtube.com/watch?v=GDFsK4NdF9Y,"""Follow The Treasure Map Found in Haunted Hills"" FORTNITE MAP LOCATION",,,,,,,,,,,,,,
Resident Evil 2 Remake Reveal Trailer,1,https://youtube.com/watch?v=sOQfy6gDQiw,Resident Evil 2 Remake Reveal Trailer,,,,,,,,,,,,,,
The Last of Us 2 GAMEPLAY,1,https://youtube.com/watch?v=u4Jx6tZ5Eco,The Last of Us 2 GAMEPLAY,,,,,,,,,,,,,,
The Walking Dead,1,https://youtube.com/watch?v=iR5il0vAWMU,The Walking Dead - The Final Season..,https://store.steampowered.com/app/207610,207610,$14.99,Adventure,"Single-player, Steam Achievements, Full controller support, Steam Trading Cards, Family Sharing",Telltale Games,Skybound Games,Indie,Verified,"Apr 24, 2012","52,225 reviews",82,A five-part adventure horror series set in the same universe as Robert Kirkman’s award-winning comic book series.,"Windows, Mac"
THE CREEPY BASEMENT,1,https://youtube.com/watch?v=ctE1h4UxLPo,THE CREEPY BASEMENT - Detroit: Become Human - Part 7,,,,,,,,,,,,,,
SCARY CRIME SCENE,1,https://youtube.com/watch?v=fg8_2aq-4iQ,SCARY CRIME SCENE - Detroit: Become Human - Part 2,,,,,,,,,,,,,,
WITCH OF THE FOREST,1,https://youtube.com/watch?v=dfJqjpw4e1c,WITCH OF THE FOREST - God of War Walkthrough Gameplay Part 4,,,,,,,,,,,,,,
Rainbow Six Siege OUTBREAK GAMEPLAY (Mission,1,https://youtube.com/watch?v=nrfuUpIyr4I,Rainbow Six Siege OUTBREAK GAMEPLAY (Mission #2) SCARY HOSPITAL,,,,,,,,,,,,,,
The Forest: 4 YEARS LATER,1,https://youtube.com/watch?v=xBdJNUucBUQ,The Forest: 4 YEARS LATER,,,,,,,,,,,,,,
Demon Echo goes flawless,1,https://youtube.com/watch?v=sNPzfKwIr9A,Demon Echo goes flawless..,,,,,,,,,,,,,,
My FIRST ALIEN ENCOUNTER,1,https://youtube.com/watch?v=2fCi2L3lQS8,My FIRST ALIEN ENCOUNTER - Alien Isolation - Part 3,,,,,,,,,,,,,,
I AM NOT ALONE HERE,1,https://youtube.com/watch?v=iLd7MWs5BGE,I AM NOT ALONE HERE - Alien Isolation - Part 2,,,,,,,,,,,,,,
Alien Isolation: YEARS LATER,1,https://youtube.com/watch?v=UvxpzLxHb2k,Alien Isolation: YEARS LATER - Part 1,,,,,,,,,,,,,,
THE ENDING IS INSANE..! Resident Evil 7,1,https://youtube.com/watch?v=6EZ_e-bbWIk,THE ENDING IS INSANE..! Resident Evil 7 - END OF ZOE DLC (RE7 DLC),,,,,,,,,,,,,,
"Call of Duty World War 2: ALL Weapons,Maps,Zombies *LEAKED*",1,https://youtube.com/watch?v=WzaZ7MRDnYI,"Call of Duty World War 2: ALL Weapons,Maps,Zombies *LEAKED*",,,,,,,,,,,,,,
FANS ARE PISSED OFF,1,https://youtube.com/watch?v=wJSYOPk0c80,FANS ARE PISSED OFF,,,,,,,,,,,,,,
Call of Duty WW2 ZOMBIES TRAILER REACTION! (Breakdown),1,https://youtube.com/watch?v=BSZllMGqv90,Call of Duty WW2 ZOMBIES TRAILER REACTION! (Breakdown),,,,,,,,,,,,,,
RIP ZOMBIES,1,https://youtube.com/watch?v=R47ZFWI-TwY,RIP ZOMBIES,,,,,,,,,,,,,,
COD WW2 ZOMBIES,1,https://youtube.com/watch?v=1egTe7hdRQs,COD WW2 ZOMBIES,,,,,,,,,,,,,,
I quit,1,https://youtube.com/watch?v=kBbq70VQWeQ,I quit - Outlast 2 Part 4,https://store.steampowered.com/app/2255970,2255970,$14.99,"Adventure, Casual, RPG","Single-player, Family Sharing",地蔵サバイバルナイト,Hanabi Games,Indie,Playable,"Jun 9, 2023",No reviews,,"Demon King Nacht's castle has been attacked! In order to find out who was behind the attack, Nacht used her ability to go back in time. After one investigation, Nahat found that things were not simple",Windows
CHASE THE LITTLE GIRL!! (Outlast 2,1,https://youtube.com/watch?v=4XKFUuSa8zc,CHASE THE LITTLE GIRL!! (Outlast 2 #3),,,,,,,,,,,,,,
WHAT NOT TO DO When Playing OUTLAST 2,1,https://youtube.com/watch?v=33JCO-eJB2s,WHAT NOT TO DO When Playing OUTLAST 2..,,,,,,,,,,,,,,
Just Had A Near DEATH EXPERIENCE (Outlast 2,1,https://youtube.com/watch?v=MY2J6XDlbDU,Just Had A Near DEATH EXPERIENCE (Outlast 2 #1),,,,,,,,,,,,,,
BANNED FOOTAGE,1,https://youtube.com/watch?v=c52BH_8mZ98,BANNED FOOTAGE - Resident Evil DLC Vol. 2,https://store.steampowered.com/app/530610,530610,$14.99,"Action, Adventure","Single-player, Downloadable Content, Full controller support, Family Sharing","CAPCOM Co., Ltd.","CAPCOM Co., Ltd.",AAA,Unknown,"Feb 20, 2017",438 reviews,,This newly unearthed footage exposes further secrets from the dark past of the Baker family. - 21: Take part in a twisted card game where the stakes are your life. - Daughters: Experience the events t,Windows
My house is haunted,1,https://youtube.com/watch?v=G9H9lA2PAYc,My house is haunted,https://store.steampowered.com/app/2129140,2129140,$4.99,"Indie, Early Access","Multi-player, Co-op, Online Co-op, Family Sharing",Pogu Desu,Pogu Desu,Indie,Unknown,"Oct 28, 2022",No reviews,,A Vampire Survivor like game but first person shooter. You level up by shooting the enemy and get new skills. Upgrade your skills!,Windows
THE END of Resident Evil 7,1,https://youtube.com/watch?v=RuApes7M-FE,THE END of Resident Evil 7,,,,,,,,,,,,,,
THE TRUTH REVEALED in Resident Evil 7,1,https://youtube.com/watch?v=pUfux6iDyMc,THE TRUTH REVEALED in Resident Evil 7,,,,,,,,,,,,,,
The DEVIL MADE THIS GAME!! Resident Evil 7,1,https://youtube.com/watch?v=qyGf548Nd_M,The DEVIL MADE THIS GAME!! Resident Evil 7 #6,,,,,,,,,,,,,,
What NOT TO DO When Playing Resident Evil 7,1,https://youtube.com/watch?v=WlyLuDiUSk4,What NOT TO DO When Playing Resident Evil 7..,,,,,,,,,,,,,,
WATCH A GROWN MAN SH*T HIMSELF,1,https://youtube.com/watch?v=Biv87c7Hzos,WATCH A GROWN MAN SH*T HIMSELF! - Resident Evil 7..,,,,,,,,,,,,,,
F*CK OFF GRANDMA,1,https://youtube.com/watch?v=M9ohFtm38cg,F*CK OFF GRANDMA!! - Resident Evil 7 #3,,,,,,,,,,,,,,
THIS IS WHY YOU SHOULD NOT PLAY Resident Evil 7,1,https://youtube.com/watch?v=TRB06OTqq2A,THIS IS WHY YOU SHOULD NOT PLAY Resident Evil 7..,,,,,,,,,,,,,,
"I ALMOST CRIED! ""Resident Evil 7""",1,https://youtube.com/watch?v=2AEEUjIv00w,"I ALMOST CRIED! ""Resident Evil 7""",,,,,,,,,,,,,,
so I played.. Hello Neighbor (ALPHA 3),1,https://youtube.com/watch?v=xWXV5SM-kEk,so I played.. Hello Neighbor (ALPHA 3),,,,,,,,,,,,,,
AFGHAN RETURNS in DLC 1,1,https://youtube.com/watch?v=w1FYWitILwY,AFGHAN RETURNS in DLC 1! - Please Don't Mess This up..,,,,,,,,,,,,,,
finally.. Infinite Warfare DLC 1,1,https://youtube.com/watch?v=EDHo0EFqh9E,finally.. Infinite Warfare DLC 1..,,,,,,,,,,,,,,
the NEW CHRISTMAS MAP in Black Ops 3 (MOD),1,https://youtube.com/watch?v=WsNG61_bMUk,the NEW CHRISTMAS MAP in Black Ops 3 (MOD),,,,,,,,,,,,,,
wtf... ALL MY CAMOS ARE UNLOCKED,1,https://youtube.com/watch?v=CT0SI8cuFsw,wtf... ALL MY CAMOS ARE UNLOCKED..,,,,,,,,,,,,,,
R.I.P,1,https://youtube.com/watch?v=FnfTwlFCgaM,R.I.P - COD POINTS ARE NOW in Infinite Warfare!!,https://store.steampowered.com/app/4206850,4206850,,Indie,"Single-player, Multi-player, Co-op, Online Co-op, Playable without Timed Input, Stereo Sound, Partial Controller Support, Family Sharing",Sandy,Sandy,Indie,Unknown,Q3 2026,No reviews,,A co-op horror game where you manipulate your own gravity to traverse a procedurally generated 3D maze filled with supernatural threats. Work alone or with your team to rescue kidnapped victims.,Windows
HOLY SH*T! ZOMBIES Supply Drops,1,https://youtube.com/watch?v=E5jmEvgGlDY,HOLY SH*T! ZOMBIES Supply Drops!!,,,,,,,,,,,,,,
INTERVENTION GAMEPLAY on Zombies in SpaceLand,1,https://youtube.com/watch?v=bR71Wm0s9kg,INTERVENTION GAMEPLAY on Zombies in SpaceLand!!,,,,,,,,,,,,,,
FU*K THESE CLOWNS (Until Dawn Rush of Blood) Playstation VR,1,https://youtube.com/watch?v=UvqNAKMonDQ,FU*K THESE CLOWNS (Until Dawn Rush of Blood) Playstation VR,,,,,,,,,,,,,,
"MY 1ST HORRIBLE EXPERIENCE! ""Five Nights At Freddy's Sister Location""",1,https://youtube.com/watch?v=_4Enb7LDuA4,"MY 1ST HORRIBLE EXPERIENCE! ""Five Nights At Freddy's Sister Location""",,,,,,,,,,,,,,
soo... I PLAYED OUTLAST 2,1,https://youtube.com/watch?v=euaQSfE6Mao,soo... I PLAYED OUTLAST 2..,,,,,,,,,,,,,,
"*NEW* FREE SECRET ""LUCID Weapon Camo"" in Black Ops 3 (DLC 4)",1,https://youtube.com/watch?v=EDy5wq8LaxU,"*NEW* FREE SECRET ""LUCID Weapon Camo"" in Black Ops 3 (DLC 4)",,,,,,,,,,,,,,
THIS CANT BE Black Ops 3,1,https://youtube.com/watch?v=56JR4k6VLOY,THIS CANT BE Black Ops 3..,,,,,,,,,,,,,,
"STANDOFF RETURNS! ""NEW DLC 4"" Maps + ZOMBIES Revelations",1,https://youtube.com/watch?v=OHMYad7_mQs,"STANDOFF RETURNS! ""NEW DLC 4"" Maps + ZOMBIES Revelations",,,,,,,,,,,,,,
"Black Ops 3: DLC 4 ""SALVATION"" ZOMBIES ONLY!?",1,https://youtube.com/watch?v=v6ss2rAvy0o,"Black Ops 3: DLC 4 ""SALVATION"" ZOMBIES ONLY!?",,,,,,,,,,,,,,
"Infinite Warfare ZOMBIES TRAILER ""ZOMBIES in SPACE""",1,https://youtube.com/watch?v=ZBIshQ6mk2I,"Infinite Warfare ZOMBIES TRAILER ""ZOMBIES in SPACE""",,,,,,,,,,,,,,
"""Infinite Warfare ZOMBIES"" CHARACTERS REVEALED",1,https://youtube.com/watch?v=t2uUtig7Njg,"""Infinite Warfare ZOMBIES"" CHARACTERS REVEALED!",,,,,,,,,,,,,,
SURVIVING A ZOMBIE APOCALYPSE in The Walking Dead,1,https://youtube.com/watch?v=HavFgmsiVOc,SURVIVING A ZOMBIE APOCALYPSE in The Walking Dead..,,,,,,,,,,,,,,
"so this is ""ZOMBIES MOD TOOLS""",1,https://youtube.com/watch?v=ymRUXX4C3jI,"so this is ""ZOMBIES MOD TOOLS""",,,,,,,,,,,,,,
"I SHOULD HAVE NOT PLAYED THIS GAME ""RESIDENT EVIL 7"" BIOHAZARD",1,https://youtube.com/watch?v=dHkbazBchF4,"I SHOULD HAVE NOT PLAYED THIS GAME ""RESIDENT EVIL 7"" BIOHAZARD",,,,,,,,,,,,,,
"""ZOMBIES"" IN INFINITE WARFARE",1,https://youtube.com/watch?v=2tZGi_wdiS0,"""ZOMBIES"" IN INFINITE WARFARE! - NEW STORYLINE & CO-OP (COD IW ZOMBIES)",,,,,,,,,,,,,,
"SCARY ""INFINITE WARFARE"" TEASER",1,https://youtube.com/watch?v=5ZJUxwkqMM8,"SCARY ""INFINITE WARFARE"" TEASER - IS THIS THE BAD GUY!?!?",,,,,,,,,,,,,,
"NEW ZOMBIES MAP ""Zetsubou No Shima"" GAMEPLAY",1,https://youtube.com/watch?v=gZZm449EgOE,"NEW ZOMBIES MAP ""Zetsubou No Shima"" GAMEPLAY - BLACK OPS 3 DLC 2",,,,,,,,,,,,,,
NEW GOD GUN COMING TO Black Ops 3!?!?,1,https://youtube.com/watch?v=vBvPddzI3wA,NEW GOD GUN COMING TO Black Ops 3!?!?,,,,,,,,,,,,,,
"NEW Black Ops 3 ""DLC 2 ECLIPSE""",1,https://youtube.com/watch?v=TPyiy61j6R0,"NEW Black Ops 3 ""DLC 2 ECLIPSE"" - VERGE, KNOCKOUT, RIFT, SPIRE & ""ZETSUBOU NO SHIMA"" ZOMBIES MAP",,,,,,,,,,,,,,
"""DLC 2"" ZOMBIES LEAK in Black Ops 3",1,https://youtube.com/watch?v=IVI23a5PBIk,"""DLC 2"" ZOMBIES LEAK in Black Ops 3 - BO3 ZOMBIES NEW BOSS/MAP & MORE! (BO3 DLC 2)",,,,,,,,,,,,,,
F*CK THIS GAME,1,https://youtube.com/watch?v=ZQNJNdZ_YAU,F*CK THIS GAME!,https://store.steampowered.com/app/1794700,1794700,$0.99,"Casual, Indie","Single-player, Steam Achievements, Steam Leaderboards, Family Sharing","helloitscrash, TabularElf",helloitscrash,Indie,Unknown,"Jan 12, 2024",No reviews,,A difficult arcade game; multitask by controlling 8 minigames at once to reach the highest score you can!,Windows
"""BUFFED ASSAULT RIFLES""",1,https://youtube.com/watch?v=0L2o0Km0HnE,"""BUFFED ASSAULT RIFLES"" - NEW WEAPON PATCH In Black Ops 3 - BO3 Guns BUFFED/NERFED + More",,,,,,,,,,,,,,
"""SKELETON ZOMBIES"" EASTER EGG! Black Ops 3",1,https://youtube.com/watch?v=diDF_kPeQhU,"""SKELETON ZOMBIES"" EASTER EGG! Black Ops 3 - BO3 AWAKENING DLC ""DER EISENDRACHE"" EASTER EGG TUTORIAL",,,,,,,,,,,,,,
"NEW ""DARK MATTER"" COLORS Black Ops 3",1,https://youtube.com/watch?v=erA5g1JY6Tw,"NEW ""DARK MATTER"" COLORS Black Ops 3 - BO3 NEW ""PACK A PUNCH Variants ""DER EISENDRACHE"" Zombies",,,,,,,,,,,,,,
WORLDS WORST ZOMBIES PLAYER,1,https://youtube.com/watch?v=TCKrrrEyMi8,"WORLDS WORST ZOMBIES PLAYER! - BLACK OPS 3 ""AWAKENING"" DLC DER EISENDRACHEN Gameplay (BO3 DLC)",,,,,,,,,,,,,,
"NEW ZOMBIES ""DEATH MACHINE GAMEPLAY""",1,https://youtube.com/watch?v=D2HrHyDoE7I,"NEW ZOMBIES ""DEATH MACHINE GAMEPLAY"" - BO3 ZOMBIES ""DEATH MACHINE WEAPON""",,,,,,,,,,,,,,
"WARNING: TOP 5 ""BEST HORROR"" EMBLEMS in Black Ops 3! BO3 MOST Creative Emblems In Call Of Duty EVER",1,https://youtube.com/watch?v=MmUgHtBV93g,"WARNING: TOP 5 ""BEST HORROR"" EMBLEMS in Black Ops 3! BO3 MOST Creative Emblems In Call Of Duty EVER!",,,,,,,,,,,,,,
NEW MP40 In BLACK OPS 3,1,https://youtube.com/watch?v=rqriM9cgGb4,NEW MP40 In BLACK OPS 3! - BO3 MP40 In Multiplayer & Zombies - NEW DLC Weapon Leaks (BO3 DLC GUNS),,,,,,,,,,,,,,
"NEW ""BOWIE KNIFE GAMEPLAY"" In BLACK OPS 3",1,https://youtube.com/watch?v=VUWoYkFtrpg,"NEW ""BOWIE KNIFE GAMEPLAY"" In BLACK OPS 3! - BO3 ""BOWIE KNIFE"" WEAPON Showcase",,,,,,,,,,,,,,
"HIJACKED RETURNS! BLACK OPS 3 ""AWAKENING"" DLC 1",1,https://youtube.com/watch?v=GlRB-63QAIo,"HIJACKED RETURNS! BLACK OPS 3 ""AWAKENING"" DLC 1 - BO3 DLC #1 (SKYJACKED, RISE,  GAUNLET, SPLASH)",,,,,,,,,,,,,,
WTF! Worlds Fastest Zombies,1,https://youtube.com/watch?v=6XEYeEBaJpw,WTF! Worlds Fastest Zombies Gameplay!  - BLACK OPS 3 SHADOWS OF EVIL - Black Ops 3,,,,,,,,,,,,,,
BLACK OPS 3 MODS & CREAT A MAP,1,https://youtube.com/watch?v=mKqdHXsbSU8,BLACK OPS 3 MODS & CREAT A MAP - NEW BO3 MULTIPLAYER & ZOMBIES,,,,,,,,,,,,,,
ONLY The BRAVE Will Watch This. (HORROR Story),1,https://youtube.com/watch?v=VkF3l2MqrUw,ONLY The BRAVE Will Watch This. (HORROR Story),,,,,,,,,,,,,,
BLACK OPS 3 Will NOT HAVE Campaign/PaintShop Mode On LAST GEN (XBOX 360/PS3) BO3 Multiplayer News,1,https://youtube.com/watch?v=FfJdr45cU-w,BLACK OPS 3 Will NOT HAVE Campaign/PaintShop Mode On LAST GEN (XBOX 360/PS3) BO3 Multiplayer News,,,,,,,,,,,,,,
COD AW DLC 4 Reckoning RELEASE DATE,1,https://youtube.com/watch?v=zJPBe4021oM,COD AW DLC 4 Reckoning RELEASE DATE - NEW ZOMBIES Trident Energy Reflected Weapon - COD AW DLC 4,,,,,,,,,,,,,,
"COD AW: LEAKED DLC 4 Zombies ""DESCENT"" Underwater Map News & Info",1,https://youtube.com/watch?v=pJArEBLAelY,"COD AW: LEAKED DLC 4 Zombies ""DESCENT"" Underwater Map News & Info | DLC 4 ""Reckoning"" Zombies Map",,,,,,,,,,,,,,
COD BO3 Zombies NEW ELECTRIC SWORD + Flying RIOT SHIELD,1,https://youtube.com/watch?v=G-d9ZWrIBrc,COD BO3 Zombies NEW ELECTRIC SWORD + Flying RIOT SHIELD | Black Ops 3 Zombies Special Wonder Weapon?,,,,,,,,,,,,,,
F**K This Game is SCARY,1,https://youtube.com/watch?v=nauKWeQ8PdU,F**K This Game is SCARY!,,,,,,,,,,,,,,
"COD ""Black Ops 3"" Safe House Features To Be In BO3 Multiplayer, Zombies & Campaign! (BO 3 News)",1,https://youtube.com/watch?v=z-22F00ZC6k,"COD ""Black Ops 3"" Safe House Features To Be In BO3 Multiplayer, Zombies & Campaign! (BO 3 News)",,,,,,,,,,,,,,
"""Monkey Bomb"" Teaser",1,https://youtube.com/watch?v=MAw-KCyROHQ,"""Monkey Bomb"" Teaser - COD Black Ops 3 - ""BO3 Zombie Multiplayer"" (BO3 News)",,,,,,,,,,,,,,
"NEW ""Black Ops 3 ZOMBIES Image Teased""",1,https://youtube.com/watch?v=VVWgakwspkw,"NEW ""Black Ops 3 ZOMBIES Image Teased"" - Call of Duty Black Ops 3 Zombies Trailer? ( BO3 News)",,,,,,,,,,,,,,
"DLC 4 ""Reckoning"" Leaked Info",1,https://youtube.com/watch?v=_cKQ0O5cwbo,"DLC 4 ""Reckoning"" Leaked Info - COD Advanced Warfare Multiplayer - New Zombie Map , Camos MORE",,,,,,,,,,,,,,
"ZOMBIE SHARK! EXO Zombies DLC 3 ""Carrier"" Supremacy Images",1,https://youtube.com/watch?v=sSqhbPGu7J4,"ZOMBIE SHARK! EXO Zombies DLC 3 ""Carrier"" Supremacy Images - COD Advanced Warfare (DLC News & Info)",,,,,,,,,,,,,,
"""MONKEY BOMB"" ""Cybal Monkey"" Returns To COD ""Black Ops 3"" BO3 ZOMBIES (News & Info)",1,https://youtube.com/watch?v=0lzipaQIAos,"""MONKEY BOMB"" ""Cybal Monkey"" Returns To COD ""Black Ops 3"" BO3 ZOMBIES (News & Info)",,,,,,,,,,,,,,
"LEAKED ZOMBiES Map! ""ARK"" + NEW Underwater MAP? DLC 3/ DLC 4",1,https://youtube.com/watch?v=lfFtjNEZ9xU,"LEAKED ZOMBiES Map! ""ARK"" + NEW Underwater MAP? DLC 3/ DLC 4  - Supremacy | COD AW (News Info)",,,,,,,,,,,,,,
"Black Ops 3: Thrust Jumps, Specialist Characters, Co-Op Campaign, Zombies & MORE! (COD BO3 News)",1,https://youtube.com/watch?v=IdSplmtDpn4,"Black Ops 3: Thrust Jumps, Specialist Characters, Co-Op Campaign, Zombies & MORE! (COD BO3 News)",,,,,,,,,,,,,,
"""Black Ops 3"" Weapons List LEAKED?",1,https://youtube.com/watch?v=gC0zFTjzNIw,"""Black Ops 3"" Weapons List LEAKED? | COD BO3 News & Info (COD BO 1 Zombies Gameplay)",,,,,,,,,,,,,,
"''Black Ops 3'' Zombies LEAKED Info? 8 Player Mode, & More",1,https://youtube.com/watch?v=OIngrC-CTbs,"''Black Ops 3'' Zombies LEAKED Info? 8 Player Mode, & More | BO3 Leaked Rumors (COD 2015)",,,,,,,,,,,,,,
COD AW: Exo Zombies ''Infection'' Zombie Boss,1,https://youtube.com/watch?v=OnQcHMijWHY,COD AW: Exo Zombies ''Infection'' Zombie Boss | First Game | Crazy Zombie Types (DLC 2 Ascendance),,,,,,,,,,,,,,
INSANE NEW ELiTE ''BioHazard'' EXO Suit &Camo In Advanced Warfare,1,https://youtube.com/watch?v=9EHSq4OcKfo,INSANE NEW ELiTE ''BioHazard'' EXO Suit &Camo In Advanced Warfare | COD AW | DLC 2 Ascendance Gear,,,,,,,,,,,,,,
COD AW: Exo Zombies ''Infection'' TRAILER! (Call of Duty Advanced Warfare DLC 2 Ascendance),1,https://youtube.com/watch?v=uvFBW7LT_o8,COD AW: Exo Zombies ''Infection'' TRAILER! (Call of Duty Advanced Warfare DLC 2 Ascendance),,,,,,,,,,,,,,
COD AW: Ascendance DLC 2 TRAILER REVEALED,1,https://youtube.com/watch?v=Qar83BQR4t0,COD AW: Ascendance DLC 2 TRAILER REVEALED | Exo Grapple Playlist | New Maps & EXO Zombies Infection,,,,,,,,,,,,,,
COD AW: NEW EXO Zombies ''INFECTION'' Map Images,1,https://youtube.com/watch?v=X30eOJvYklA,COD AW: NEW EXO Zombies ''INFECTION'' Map Images | Magnetron Gun | ACID & GOLiATH Zombie Revealed!,,,,,,,,,,,,,,
COD AW: DLC 2 Ascendance NEW Zombies!?,1,https://youtube.com/watch?v=INsNpy2yhRE,COD AW: DLC 2 Ascendance NEW Zombies!? | EXO Zombies | MW2 Burger Town Returns! (DLC 2 Info),,,,,,,,,,,,,,
CoD AW: Exo Zombies,1,https://youtube.com/watch?v=C7D_oJy_TUI,CoD AW: Exo Zombies - Live GamePlay + Tips (Call of Duty Sombies DLC),,,,,,,,,,,,,,
Within the Static: Northgate Mall,1,https://youtube.com/watch?v=3Tix92E5AD8,Working The Security Shift at an Abandoned Mall..,,,,,,,,,,,,,,
Emotionless: The Last Ticket,1,https://youtube.com/watch?v=DMbLS3ofjIs,Looking For Dad in His Abandoned Amusement Park..,https://store.steampowered.com/app/3570000,3570000,$9.99,Adventure,"Single-player, Steam Achievements, Camera Comfort, Custom Volume Controls, Keyboard Only Option, Mouse Only Option, Playable without Timed Input, Stereo Sound, Subtitle Options, Steam Cloud, Family Sharing",X1 Games,X1 Games,Indie,Unsupported,"Oct 7, 2025",124 reviews,,"Step into a liminal, cosmic horror experience set in an abandoned amusement park. Uncover the haunting narrative behind its twisted rides and empty tunnels to discover what lurks within a reality that",Windows
The House by the Sunflower Field,1,https://youtube.com/watch?v=PjEuUxKfT-Y,Working Late at the House by the Sunflower Field..,,,,,,,,,,,,,,
Uncanny Tales: 1992,1,https://youtube.com/watch?v=H4JXjZCFQOU,The Missing Child Case of 1992..,https://store.steampowered.com/app/3686940,3686940,$4.99,"Adventure, Casual, Indie","Single-player, Steam Achievements, Family Sharing",VYASTUDIO,VYASTUDIO,Indie,Playable,"Sep 10, 2025",191 reviews,,"Autumn, 1992. Anton, a 14-year-old boy, moves with his parents to a small town and is left alone in his grandmother's apartment. Meanwhile, children are disappearing across the town — the police are p",Windows
Pieces of Me,1,https://youtube.com/watch?v=V8y-RIplfJQ,Searching for My Sister in the Abandoned School | Pieces of Me,https://store.steampowered.com/app/2479740,2479740,$8.99,"Adventure, Indie, Simulation","Single-player, Steam Achievements, Partial Controller Support, Family Sharing",EMIKA_GAMES,EMIKA_GAMES,Indie,Playable,"May 21, 2025",526 reviews,,"“Pieces of Me” is not a classic horror game with jump scares, but a psychological thriller-drama in the walking simulator genre. It is a spin-off of “September 7th”",Windows
Choo Choo Charles,1,https://youtube.com/watch?v=dxBBCObFK7s,I finally played Choo Choo Charles..,https://store.steampowered.com/app/1766740,1766740,$19.99,"Action, Adventure, Indie","Single-player, Steam Achievements, Partial Controller Support, Family Sharing",Two Star Games,Two Star Games,Indie,Verified,"Dec 9, 2022","15,532 reviews",,"Navigate an open-world island in an old train, upgrade it over time, and use it to fight an evil spider train named Charles.",Windows
Late Night Shift,1,https://youtube.com/watch?v=gy9OOTB7VM8,Working a late night shift at the gas station..,https://store.steampowered.com/app/3918340,3918340,Free,"Adventure, Indie, RPG, Simulation, Free To Play","Single-player, Steam Achievements, Custom Volume Controls, Playable without Timed Input, Stereo Sound, Subtitle Options, Surround Sound",Buff Cat Games,Buff Cat Games,Indie,Unknown,"Nov 10, 2025",No reviews,,"Experience “just another late night shift at the office” in this ultra-short horror game. Somehow this night, the whole office is filled with an eerie, unsettling atmosphere. Missing coworkers, dim li",Windows
Radiolight,1,https://youtube.com/watch?v=iShzqr-0LPc,The missing child case of Ashwood Creek..,https://store.steampowered.com/app/1342690,1342690,$14.99,"Adventure, Indie","Single-player, Steam Achievements, Full controller support, Steam Trading Cards, Steam Cloud, Family Sharing",Krystof Knesl,Iceberg Interactive,Indie,Verified,"Oct 23, 2025",307 reviews,,"Ashwood Creek, 1985. A child disappears without a trace. A local policeman is drawn into a national park, seeking the truth. Mysterious radio signals beckon him further and further. Investigate, survi",Windows
Tales Beyond the Tomb: The Last Vigil,1,https://youtube.com/watch?v=-RvsvwxFReU,Night Shift at the cemetery..,https://store.steampowered.com/app/3416690,3416690,$4.99,"Action, Adventure, Indie, Simulation","Single-player, Steam Achievements, Family Sharing",616 GAMES,616 GAMES,Indie,Unsupported,"Jan 23, 2025",156 reviews,,"Nick Harrison, a new security guard at the Guadalupe Cemetery, believes he is taking on a peaceful night shift. However, as night falls, he soon discovers he was very wrong. Nick realizes the cemetery",Windows
Nightshift: Laundry,1,https://youtube.com/watch?v=qE_QrNcfdBg,Nightshift at a laundromat..,,,,,,,,,,,,,,
"No, I'm Not Human",1,https://youtube.com/watch?v=Us1egsGVEaI,"Keep FAKE humans from entering your house - No, Im Not Human",,,,,,,,,,,,,,
Snap Snap,1,https://youtube.com/watch?v=jt3G4rfNGV4,Morgue journalism was a terrible idea..,https://store.steampowered.com/app/3104540,3104540,$6.99,"Adventure, Indie, Simulation","Single-player, Steam Achievements, Full controller support, Steam Cloud, Remote Play Together, Family Sharing",Beshbarmak games,Beshbarmak games,Indie,Unknown,"Aug 12, 2024",No reviews,,"Having collected information about the “unusual corpse” for your journalistic investigation, you return home from the morgue. Something is wrong... The house has changed and there is a creature wander",Windows
The Dire,1,https://youtube.com/watch?v=5y0C9HNs83A,I Went Vlogging Inside an Abandoned House..,https://store.steampowered.com/app/2664890,2664890,$3.99,Indie,"Single-player, Family Sharing",Grumpi,Grumpi,Indie,Unknown,"Dec 8, 2023",No reviews,,"Dean Holt, popular Urbex vlogger, sets off on another exploration of an abandoned home but this time things aren't going as planned. Something dark is lurking inside and Dean quickly finds himself in ",Windows
Deadly Night,1,https://youtube.com/watch?v=-pmoxJj2ag0,DONT STAY THE NIGHT IN THIS MOTEL | Deadly Night,https://store.steampowered.com/app/2026880,2026880,$9.99,Action,"Single-player, Steam Achievements, Full controller support, Family Sharing",Cubyte Games,Torture Star Video,Indie,Playable,"Sep 1, 2022",249 reviews,,"Carol is down on her luck, hitchhiking across the country. She arrives at a small roadside motel but there's something strange about the owner. As the secrets unravel, she finds herself entangled in a",Windows
Emily Wants to Play,1,https://youtube.com/watch?v=XwRhT3MkQBw,SO.. I FINALLY PLAYED - Emily Wants To Play,https://store.steampowered.com/app/416590,416590,$4.99,"Action, Adventure, Casual, Indie, Simulation, Strategy","Single-player, Steam Achievements, Full controller support, Tracked Controller Support, VR Supported, Steam Cloud, Remote Play on TV, Family Sharing",Shawn Hitchcock,Hitchcock Games,Indie,Verified,"Dec 10, 2015","2,023 reviews",,"It’s 11pm and the last house on your route. The windows are boarded up, the yard is overgrown, but the lights are on and the front door is open… strange place to deliver a pizza. You’re getting soaked","Windows, Mac"
S.T.A.L.K.E.R. 2: Heart of Chornobyl,1,https://youtube.com/watch?v=OVxSPGDeRnM,STALKER 2 TRAILER REACTION (Xbox Series X),https://store.steampowered.com/app/1643320,1643320,$59.99,"Action, Adventure, RPG","Single-player, Steam Achievements, Steam Trading Cards, Steam Workshop, Partial Controller Support, Steam Cloud, HDR available, Family Sharing",GSC Game World,"GSC Game World (worldwide), SEGA (Japan), 4Divinity (China and South East Asia)",AAA,Unsupported,"Nov 20, 2024","100,044 reviews",,"Discover the vast Chornobyl Exclusion Zone full of dangerous enemies, deadly anomalies and powerful artifacts. Unveil your own epic story as you make your way to the Heart of Chornobyl. Make your choi",Windows
